date,crop,plant_id,treatment,nitrogen_mg_kg,phosphorus_mg_kg,potassium_mg_kg,soil_ph,soil_moisture_pct,soil_temperature_c,soil_ec_us_cm,solar_radiation_w_m2,air_temperature_c,relative_humidity_pct,flower_count,fruit_count,harvested_fruit_count,total_harvest_weight_source_unit,quality_flag
2023-11-09,Tomato,1,T26_N2P2K1,6.0,9.0,18.0,6.45,10.8,37.2,90.0,0.0,28.7,49.5,0.0,0.0,0.0,0.0,ok
2023-11-09,Tomato,1,T26_N2P2K1,14.0,20.0,41.0,6.61,12.4,31.1,207.0,19.9,24.6,50.2,0.0,0.0,0.0,0.0,ok
2023-11-09,Tomato,2,T6_N0P1K2,0.0,0.0,0.0,6.8,10.6,39.5,0.0,0.0,29.0,45.6,0.0,0.0,0.0,0.0,zero_sensor_value
2023-11-09,Tomato,5,T18_N1P2K2,3.0,4.0,9.0,6.66,9.5,41.0,45.0,67.6,30.7,41.0,0.0,0.0,0.0,0.0,ok
2023-11-09,Tomato,10,T19_N2P0K0,0.0,0.0,0.0,7.0,8.4,42.4,0.0,69.5,29.8,43.1,0.0,0.0,0.0,0.0,zero_sensor_value
2023-11-09,Tomato,15,T13_N1P1K0,6.0,9.0,17.0,6.52,3.8,42.4,85.0,76.9,29.5,44.7,0.0,0.0,0.0,0.0,ok
2023-11-09,Tomato,20,T5_N0P1K1,8.0,11.0,22.0,6.86,5.8,41.2,111.0,76.9,29.9,46.5,0.0,0.0,0.0,0.0,ok
2023-11-09,Tomato,25,T8_N0P2K1,6.0,8.0,17.0,6.49,10.8,41.1,85.0,58.3,29.5,44.5,0.0,0.0,0.0,0.0,ok
2023-11-09,Tomato,30,T2_N0P0K1,8.0,11.0,23.0,6.45,3.7,45.6,119.0,71.1,31.1,39.8,0.0,0.0,0.0,0.0,ok
2023-11-09,Tomato,35,T24_N2P1K2,1.0,1.0,3.0,6.77,7.5,42.8,17.0,74.8,31.2,40.6,0.0,0.0,0.0,0.0,ok
2023-11-09,Tomato,40,T10_N1P0K0,7.0,10.0,21.0,6.59,7.1,42.3,109.0,80.2,30.6,43.8,0.0,0.0,0.0,0.0,ok
2023-11-09,Tomato,45,T22_N2P1K0,9.0,12.0,25.0,7.16,10.5,41.0,126.0,55.6,28.6,43.8,0.0,0.0,0.0,0.0,ok
2023-11-09,Tomato,50,T10_N1P0K0,5.0,8.0,16.0,6.87,15.6,39.3,81.0,58.0,28.3,43.1,0.0,0.0,0.0,0.0,ok
2023-11-09,Tomato,55,T4_N0P1K0,24.0,33.0,68.0,6.77,17.5,38.1,333.0,58.7,28.0,45.1,0.0,0.0,0.0,0.0,ok
2023-11-09,Tomato,60,T27_N2P2K2,14.0,20.0,40.0,6.43,19.3,37.1,201.0,62.6,27.9,44.2,0.0,0.0,0.0,0.0,ok
2023-11-09,Tomato,65,T3_N0P0K2,0.0,0.0,1.0,7.0,12.2,38.3,8.0,52.0,26.4,46.2,0.0,0.0,0.0,0.0,zero_sensor_value
2023-11-09,Tomato,70,T22_N2P1K0,5.0,7.0,14.0,6.68,8.9,38.3,73.0,59.5,26.6,46.2,0.0,0.0,0.0,0.0,ok
2023-11-09,Tomato,75,T4_N0P1K0,2.0,3.0,6.0,6.42,11.7,39.5,30.0,58.3,27.3,44.2,0.0,0.0,0.0,0.0,ok
2023-11-09,Tomato,80,T22_N2P1K0,3.0,5.0,10.0,6.29,0.4,40.7,55.0,53.9,27.9,43.4,0.0,0.0,0.0,0.0,ok
2023-11-09,Tomato,85,T17_N1P2K1,4.0,6.0,13.0,7.0,15.5,36.9,65.0,39.8,26.4,46.6,0.0,0.0,0.0,0.0,ok
2023-11-09,Tomato,90,T4_N0P1K0,5.0,7.0,16.0,6.8,16.4,35.5,81.0,50.7,26.2,45.9,0.0,0.0,0.0,0.0,ok
2023-11-09,Tomato,95,T2_N0P0K1,9.0,13.0,27.0,6.7,15.3,34.7,133.0,51.6,26.3,44.2,0.0,0.0,0.0,0.0,ok
2023-11-09,Tomato,100,T1_N0P0K0,0.0,0.0,0.0,7.0,1.1,34.7,0.0,54.9,26.0,46.3,0.0,0.0,0.0,0.0,zero_sensor_value
2023-11-09,Tomato,105,T19_N2P0K0,7.0,10.0,20.0,6.39,14.7,37.1,101.0,56.8,27.1,44.5,0.0,0.0,0.0,0.0,ok
2023-11-09,Tomato,110,T25_N2P2K0,4.0,5.0,11.0,6.48,16.4,33.5,56.0,34.8,24.9,49.0,0.0,0.0,0.0,0.0,ok
2023-11-09,Tomato,115,T19_N2P0K0,0.0,0.0,0.0,8.26,15.3,35.1,177.0,26.3,25.3,46.7,0.0,0.0,0.0,0.0,zero_sensor_value
2023-11-09,Tomato,120,T18_N1P2K2,16.0,22.0,45.0,6.41,13.0,35.5,228.0,26.0,25.9,43.6,0.0,0.0,0.0,0.0,ok
2023-11-09,Tomato,125,T16_N1P2K0,11.0,16.0,33.0,6.45,15.5,36.7,164.0,36.0,27.4,42.4,0.0,0.0,0.0,0.0,ok
2023-11-09,Tomato,125,T16_N1P2K0,0.0,0.0,0.0,7.0,1.4,37.5,0.0,43.1,27.5,42.9,0.0,0.0,0.0,0.0,zero_sensor_value
2023-11-09,Tomato,130,T13_N1P1K0,3.0,5.0,10.0,6.68,15.4,31.5,50.0,26.0,24.7,47.0,0.0,0.0,0.0,0.0,ok
2023-11-09,Tomato,135,T20_N2P0K1,6.0,8.0,17.0,6.68,17.7,31.1,88.0,24.8,24.5,50.1,0.0,0.0,0.0,0.0,ok
2023-11-16,Tomato,1,T26_N2P2K1,16.0,23.0,45.0,6.82,5.0,26.9,234.0,48.6,26.0,57.3,0.0,0.0,0.0,0.0,ok
2023-11-16,Tomato,2,T6_N0P1K2,26.0,37.0,74.0,6.58,7.6,31.4,370.0,19.4,24.5,58.7,0.0,0.0,0.0,0.0,ok
2023-11-16,Tomato,5,T18_N1P2K2,5.0,7.0,15.0,6.82,7.6,32.5,74.0,66.3,28.1,48.0,0.0,0.0,0.0,0.0,ok
2023-11-16,Tomato,6,T7_N0P2K0,3.0,4.0,9.0,6.6,0.6,32.2,45.0,19.5,24.8,56.6,0.0,0.0,0.0,0.0,ok
2023-11-16,Tomato,10,T19_N2P0K0,2.0,3.0,6.0,7.39,1.2,32.8,34.0,66.3,27.9,49.8,0.0,0.0,0.0,0.0,ok
2023-11-16,Tomato,11,T6_N0P1K2,2.0,3.0,7.0,6.48,0.0,32.2,39.0,20.2,25.0,55.2,0.0,0.0,0.0,0.0,zero_sensor_value
2023-11-16,Tomato,15,T13_N1P1K0,28.0,39.0,79.0,6.74,5.9,30.4,402.0,66.3,28.2,48.1,0.0,0.0,0.0,0.0,ok
2023-11-16,Tomato,16,T3_N0P0K2,15.0,21.0,44.0,6.65,0.1,33.0,217.0,20.1,25.2,54.1,0.0,0.0,0.0,0.0,ok
2023-11-16,Tomato,20,T5_N0P1K1,21.0,30.0,61.0,6.72,7.7,29.2,306.0,70.3,29.4,46.3,0.0,0.0,0.0,0.0,ok
2023-11-16,Tomato,21,T25_N2P2K0,18.0,25.0,52.0,6.63,0.1,33.8,261.0,19.3,25.2,51.9,0.0,0.0,0.0,0.0,ok
2023-11-16,Tomato,25,T8_N0P2K1,0.0,0.0,0.0,7.0,4.3,29.2,0.0,69.6,31.9,42.2,0.0,0.0,0.0,0.0,zero_sensor_value
2023-11-16,Tomato,26,T25_N2P2K0,0.0,0.0,0.0,6.68,3.2,34.2,0.0,20.0,27.1,47.5,0.0,0.0,0.0,0.0,zero_sensor_value
2023-11-16,Tomato,30,T2_N0P0K1,7.0,10.0,20.0,6.74,3.6,28.8,102.0,69.5,31.3,43.5,0.0,0.0,0.0,0.0,ok
2023-11-16,Tomato,31,T15_N1P1K2,11.0,16.0,32.0,6.55,0.2,33.8,159.0,19.8,26.5,50.1,0.0,0.0,0.0,0.0,ok
2023-11-16,Tomato,35,T24_N2P1K2,10.0,14.0,29.0,6.71,14.9,28.4,146.0,69.6,30.8,42.5,0.0,0.0,0.0,0.0,ok
2023-11-16,Tomato,36,T23_N2P1K1,7.0,10.0,21.0,6.67,6.1,33.0,110.0,20.1,25.9,49.6,0.0,0.0,0.0,0.0,ok
2023-11-16,Tomato,40,T10_N1P0K0,5.0,7.0,15.0,6.65,0.4,29.2,77.0,73.2,30.1,45.3,0.0,0.0,0.0,0.0,ok
2023-11-16,Tomato,41,T9_N0P2K2,9.0,13.0,28.0,6.58,2.0,33.5,141.0,20.3,25.5,51.5,0.0,0.0,0.0,0.0,ok
2023-11-16,Tomato,45,T22_N2P1K0,30.0,42.0,85.0,6.87,16.8,26.8,425.0,63.7,32.4,39.7,0.0,0.0,0.0,0.0,ok
2023-11-16,Tomato,46,T6_N0P1K2,7.0,10.0,21.0,6.52,7.1,33.8,109.0,71.1,28.2,47.9,0.0,0.0,0.0,0.0,ok
2023-11-16,Tomato,51,T4_N0P1K0,16.0,23.0,46.0,6.56,5.4,35.0,234.0,43.2,28.3,46.8,0.0,0.0,0.0,0.0,ok
2023-11-16,Tomato,56,T12_N1P0K2,0.0,1.0,2.0,6.51,2.2,36.2,11.0,83.4,28.4,48.5,0.0,0.0,0.0,0.0,zero_sensor_value
2023-11-16,Tomato,61,T2_N0P0K1,1.0,2.0,4.0,6.69,2.9,35.0,23.0,90.6,28.3,46.8,0.0,0.0,0.0,0.0,ok
2023-11-16,Tomato,65,T3_N0P0K2,4.0,5.0,11.0,6.83,9.7,28.0,58.0,30.8,32.8,38.0,0.0,0.0,0.0,0.0,ok
2023-11-16,Tomato,66,T8_N0P2K1,5.0,8.0,16.0,6.34,19.5,28.6,0.0,59.0,26.7,53.8,0.0,0.0,0.0,0.0,zero_sensor_value
2023-11-16,Tomato,66,T8_N0P2K1,2.0,3.0,7.0,6.39,19.3,29.4,39.0,65.5,27.0,51.5,0.0,0.0,0.0,0.0,ok
2023-11-16,Tomato,70,T22_N2P1K0,19.0,26.0,52.0,6.86,11.5,28.8,263.0,69.6,32.9,38.2,0.0,0.0,0.0,0.0,ok
2023-11-16,Tomato,71,T5_N0P1K1,0.0,0.0,0.0,6.53,2.4,30.5,0.0,76.3,27.5,50.6,0.0,0.0,0.0,0.0,zero_sensor_value
2023-11-16,Tomato,75,T4_N0P1K0,0.0,14.0,29.0,7.25,12.3,28.4,148.0,72.3,32.9,38.0,0.0,0.0,0.0,0.0,zero_sensor_value
2023-11-16,Tomato,76,T23_N2P1K1,10.0,14.0,27.0,6.53,0.0,31.4,140.0,80.2,27.9,48.7,0.0,0.0,0.0,0.0,zero_sensor_value
2023-11-16,Tomato,80,T22_N2P1K0,3.0,4.0,8.0,6.68,0.1,30.4,42.0,69.4,32.9,37.3,0.0,0.0,0.0,0.0,ok
2023-11-16,Tomato,81,T12_N1P0K2,19.0,27.0,55.0,6.52,8.3,33.8,278.0,91.5,28.2,48.9,0.0,0.0,0.0,0.0,ok
2023-11-16,Tomato,85,T17_N1P2K1,32.0,45.0,90.0,6.78,12.6,27.2,450.0,71.8,32.2,41.4,0.0,0.0,0.0,0.0,ok
2023-11-16,Tomato,86,T2_N0P0K1,17.0,24.0,49.0,6.62,15.4,29.7,248.0,47.4,27.9,50.9,0.0,0.0,0.0,0.0,ok
2023-11-16,Tomato,90,T4_N0P1K0,21.0,29.0,60.0,6.8,15.3,27.6,298.0,75.1,32.0,38.6,0.0,0.0,0.0,0.0,ok
2023-11-16,Tomato,91,T10_N1P0K0,28.0,39.0,79.0,6.78,14.2,30.9,395.0,23.5,28.3,47.9,0.0,0.0,0.0,0.0,ok
2023-11-16,Tomato,95,T2_N0P0K1,26.0,37.0,75.0,6.61,10.3,28.0,378.0,73.5,32.2,39.5,0.0,0.0,0.0,0.0,ok
2023-11-16,Tomato,96,T6_N0P1K2,45.0,63.0,126.0,6.56,10.1,30.9,634.0,29.2,29.0,48.1,0.0,0.0,0.0,0.0,ok
2023-11-16,Tomato,100,T1_N0P0K0,12.0,17.0,34.0,6.67,11.6,28.8,171.0,76.8,32.8,34.5,0.0,0.0,0.0,0.0,ok
2023-11-16,Tomato,101,T24_N2P1K2,2.0,3.0,7.0,6.55,0.0,32.9,39.0,24.0,29.5,46.1,0.0,0.0,0.0,0.0,zero_sensor_value
2023-11-16,Tomato,105,T19_N2P0K0,27.0,38.0,77.0,6.57,8.0,30.0,385.0,78.7,33.0,39.1,0.0,0.0,0.0,0.0,ok
2023-11-16,Tomato,106,T21_N2P0K2,21.0,29.0,59.0,6.42,17.3,29.0,296.0,73.3,26.3,55.0,0.0,0.0,0.0,0.0,ok
2023-11-16,Tomato,110,T25_N2P2K0,28.0,39.0,78.0,6.78,18.4,27.2,395.0,76.8,32.2,40.1,0.0,0.0,0.0,0.0,ok
2023-11-16,Tomato,111,T15_N1P1K2,23.0,32.0,65.0,6.66,19.2,28.4,329.0,74.8,30.7,38.1,0.0,0.0,0.0,0.0,ok
2023-11-16,Tomato,115,T19_N2P0K0,27.0,38.0,76.0,6.88,12.8,27.6,380.0,76.9,32.6,38.4,0.0,0.0,0.0,0.0,ok
2023-11-16,Tomato,116,T26_N2P2K1,26.0,36.0,73.0,6.79,9.4,29.2,371.0,77.5,30.7,39.8,0.0,0.0,0.0,0.0,ok
2023-11-16,Tomato,120,T18_N1P2K2,9.0,12.0,25.0,6.74,10.5,28.4,128.0,82.5,32.3,35.2,0.0,0.0,0.0,0.0,ok
2023-11-16,Tomato,121,T16_N1P2K0,0.0,1.0,2.0,6.7,2.8,30.0,11.0,34.2,29.5,43.6,0.0,0.0,0.0,0.0,zero_sensor_value
2023-11-16,Tomato,125,T16_N1P2K0,20.0,29.0,58.0,6.71,15.7,28.4,294.0,83.6,31.6,38.5,0.0,0.0,0.0,0.0,ok
2023-11-16,Tomato,126,T24_N2P1K2,33.0,46.0,91.0,6.6,17.8,32.9,460.0,91.3,29.9,45.0,0.0,0.0,0.0,0.0,ok
2023-11-16,Tomato,130,T13_N1P1K0,33.0,47.0,94.0,6.74,15.7,27.6,472.0,76.9,30.1,35.8,0.0,0.0,0.0,0.0,ok
2023-11-16,Tomato,131,T15_N1P1K2,28.0,39.0,78.0,6.65,13.2,27.6,395.0,78.5,30.4,39.8,0.0,0.0,0.0,0.0,ok
2023-11-16,Tomato,135,T20_N2P0K1,30.0,43.0,85.0,6.87,18.9,28.0,429.0,77.1,30.9,37.8,0.0,0.0,0.0,0.0,ok
2023-11-23,Tomato,1,T26_N2P2K1,13.0,19.0,38.0,6.37,19.5,25.9,191.0,68.2,29.8,42.8,0.0,0.0,0.0,0.0,ok
2023-11-23,Tomato,1,T26_N2P2K1,13.0,19.0,38.0,6.37,19.5,25.9,191.0,68.2,29.8,42.8,0.0,0.0,0.0,0.0,ok
2023-11-23,Tomato,2,T6_N0P1K2,14.0,20.0,40.0,6.69,14.5,34.3,203.0,34.0,28.8,43.5,0.0,0.0,0.0,0.0,ok
2023-11-23,Tomato,5,T18_N1P2K2,12.0,18.0,36.0,6.79,5.7,28.3,178.0,29.7,30.8,40.8,0.0,0.0,0.0,0.0,ok
2023-11-23,Tomato,5,T18_N1P2K2,12.0,18.0,36.0,6.79,5.7,28.3,178.0,29.7,30.8,40.8,0.0,0.0,0.0,0.0,ok
2023-11-23,Tomato,6,T7_N0P2K0,10.0,15.0,30.0,6.64,0.2,33.5,153.0,30.4,28.6,42.8,0.0,0.0,0.0,0.0,ok
2023-11-23,Tomato,10,T19_N2P0K0,1.0,1.0,3.0,6.83,0.0,29.9,17.0,30.1,29.9,40.6,0.0,0.0,0.0,0.0,zero_sensor_value
2023-11-23,Tomato,10,T19_N2P0K0,1.0,1.0,3.0,6.83,0.0,29.9,17.0,30.1,29.9,40.6,0.0,0.0,0.0,0.0,zero_sensor_value
2023-11-23,Tomato,11,T6_N0P1K2,2.0,3.0,7.0,6.63,4.9,32.3,39.0,39.8,28.3,43.6,0.0,0.0,0.0,0.0,ok
2023-11-23,Tomato,15,T13_N1P1K0,7.0,10.0,21.0,7.0,0.0,29.9,110.0,21.1,28.7,43.1,0.0,0.0,0.0,0.0,zero_sensor_value
2023-11-23,Tomato,15,T13_N1P1K0,7.0,10.0,21.0,7.0,0.0,29.9,110.0,21.1,28.7,43.1,0.0,0.0,0.0,0.0,zero_sensor_value
2023-11-23,Tomato,16,T3_N0P0K2,30.0,42.0,85.0,6.56,0.0,31.9,431.0,35.3,28.0,46.2,0.0,0.0,0.0,0.0,zero_sensor_value
2023-11-23,Tomato,20,T5_N0P1K1,64.0,92.0,171.0,6.69,13.0,29.9,923.0,20.7,27.9,46.2,0.0,0.0,0.0,0.0,ok
2023-11-23,Tomato,20,T5_N0P1K1,64.0,92.0,171.0,6.69,13.0,29.9,923.0,20.7,27.9,46.2,0.0,0.0,0.0,0.0,ok
2023-11-23,Tomato,21,T25_N2P2K0,12.0,17.0,34.0,6.68,0.0,32.7,174.0,26.6,28.1,47.2,0.0,0.0,0.0,0.0,zero_sensor_value
2023-11-23,Tomato,25,T8_N0P2K1,0.0,0.0,0.0,6.62,1.8,31.5,0.0,75.5,27.0,48.7,0.0,0.0,0.0,0.0,zero_sensor_value
2023-11-23,Tomato,25,T8_N0P2K1,0.0,0.0,0.0,6.62,1.8,31.5,0.0,75.5,27.0,48.7,0.0,0.0,0.0,0.0,zero_sensor_value
2023-11-23,Tomato,26,T25_N2P2K0,0.0,0.0,1.0,6.6,3.8,33.9,7.0,63.2,29.4,41.3,0.0,0.0,0.0,0.0,zero_sensor_value
2023-11-23,Tomato,30,T2_N0P0K1,29.0,41.0,84.0,6.78,14.4,31.5,420.0,79.1,26.6,48.7,0.0,0.0,0.0,0.0,ok
2023-11-23,Tomato,30,T2_N0P0K1,29.0,41.0,84.0,6.78,14.4,31.5,420.0,79.1,26.6,48.7,0.0,0.0,0.0,0.0,ok
2023-11-23,Tomato,31,T15_N1P1K2,0.0,0.0,0.0,7.0,0.2,31.1,0.0,60.4,30.3,39.6,0.0,0.0,0.0,0.0,zero_sensor_value
2023-11-23,Tomato,31,T15_N1P1K2,18.0,25.0,50.0,6.6,0.0,32.3,253.0,60.7,29.6,41.6,0.0,0.0,0.0,0.0,zero_sensor_value
2023-11-23,Tomato,35,T24_N2P1K2,2.0,4.0,8.0,6.69,13.8,31.0,41.0,23.1,26.8,49.2,0.0,0.0,0.0,0.0,ok
2023-11-23,Tomato,35,T24_N2P1K2,2.0,4.0,8.0,6.69,13.8,31.0,41.0,23.1,26.8,49.2,0.0,0.0,0.0,0.0,ok
2023-11-23,Tomato,36,T23_N2P1K1,15.0,21.0,43.0,6.51,20.5,30.7,217.0,72.0,30.5,41.9,0.0,0.0,0.0,0.0,ok
2023-11-23,Tomato,40,T10_N1P0K0,25.0,35.0,71.0,6.72,13.0,30.2,358.0,47.4,27.5,47.2,0.0,0.0,0.0,0.0,ok
2023-11-23,Tomato,40,T10_N1P0K0,25.0,35.0,71.0,6.72,13.0,30.2,358.0,47.4,27.5,47.2,0.0,0.0,0.0,0.0,ok
2023-11-23,Tomato,41,T9_N0P2K2,1.0,1.0,3.0,6.65,3.8,33.5,17.0,82.3,30.6,40.6,0.0,0.0,0.0,0.0,ok
2023-11-23,Tomato,45,T22_N2P1K0,28.0,39.0,79.0,6.69,7.4,31.7,387.0,80.6,27.2,48.7,0.0,0.0,0.0,0.0,ok
2023-11-23,Tomato,45,T22_N2P1K0,28.0,39.0,79.0,6.69,7.4,31.7,387.0,80.6,27.2,48.7,0.0,0.0,0.0,0.0,ok
2023-11-23,Tomato,50,T10_N1P0K0,14.0,19.0,39.0,6.81,11.8,32.3,196.0,29.2,27.7,47.0,0.0,0.0,0.0,0.0,ok
2023-11-23,Tomato,50,T10_N1P0K0,14.0,19.0,39.0,6.81,11.8,32.3,196.0,29.2,27.7,47.0,0.0,0.0,0.0,0.0,ok
2023-11-23,Tomato,55,T4_N0P1K0,22.0,31.0,62.0,6.8,18.6,30.7,310.0,93.3,28.0,46.5,0.0,0.0,0.0,0.0,ok
2023-11-23,Tomato,55,T4_N0P1K0,22.0,31.0,62.0,6.8,18.6,30.7,310.0,93.3,28.0,46.5,0.0,0.0,0.0,0.0,ok
2023-11-23,Tomato,60,T27_N2P2K2,14.0,20.0,41.0,6.86,18.0,31.5,203.0,78.4,28.7,42.4,0.0,0.0,0.0,0.0,ok
2023-11-23,Tomato,60,T27_N2P2K2,14.0,20.0,41.0,6.86,18.0,31.5,203.0,78.4,28.7,42.4,0.0,0.0,0.0,0.0,ok
2023-11-23,Tomato,61,T2_N0P0K1,19.0,26.0,53.0,6.63,3.8,32.3,274.0,67.0,30.3,41.6,0.0,0.0,0.0,0.0,ok
2023-11-23,Tomato,65,T3_N0P0K2,7.0,10.0,21.0,6.73,13.4,30.3,109.0,67.8,29.2,41.4,0.0,0.0,0.0,0.0,ok
2023-11-23,Tomato,65,T3_N0P0K2,7.0,10.0,21.0,6.73,13.4,30.3,109.0,67.8,29.2,41.4,0.0,0.0,0.0,0.0,ok
2023-11-23,Tomato,66,T8_N0P2K1,16.0,22.0,45.0,6.56,22.2,31.1,228.0,72.2,27.5,47.0,0.0,0.0,0.0,0.0,ok
2023-11-23,Tomato,70,T22_N2P1K0,27.0,38.0,77.0,6.62,17.6,30.3,386.0,68.1,29.7,40.9,0.0,0.0,0.0,0.0,ok
2023-11-23,Tomato,70,T22_N2P1K0,27.0,38.0,77.0,6.62,17.6,30.3,386.0,68.1,29.7,40.9,0.0,0.0,0.0,0.0,ok
2023-11-23,Tomato,71,T5_N0P1K1,0.0,0.0,0.0,7.0,0.0,35.9,0.0,67.8,27.5,47.7,0.0,0.0,0.0,0.0,zero_sensor_value
2023-11-23,Tomato,75,T4_N0P1K0,13.0,19.0,38.0,6.58,17.5,30.7,192.0,79.1,29.9,42.4,0.0,0.0,0.0,0.0,ok
2023-11-23,Tomato,75,T4_N0P1K0,13.0,19.0,38.0,6.58,17.5,30.7,192.0,79.1,29.9,42.4,0.0,0.0,0.0,0.0,ok
2023-11-23,Tomato,76,T23_N2P1K1,7.0,10.0,20.0,6.71,0.0,35.5,104.0,63.7,28.2,45.3,0.0,0.0,0.0,0.0,zero_sensor_value
2023-11-23,Tomato,80,T22_N2P1K0,21.0,30.0,60.0,6.54,14.8,31.1,300.0,26.8,30.3,41.7,0.0,0.0,0.0,0.0,ok
2023-11-23,Tomato,80,T22_N2P1K0,21.0,30.0,60.0,6.54,14.8,31.1,300.0,26.8,30.3,41.7,0.0,0.0,0.0,0.0,ok
2023-11-23,Tomato,81,T12_N1P0K2,31.0,44.0,88.0,6.67,16.8,31.9,442.0,73.0,29.2,43.3,0.0,0.0,0.0,0.0,ok
2023-11-23,Tomato,85,T17_N1P2K1,45.0,63.0,127.0,6.61,20.1,28.3,635.0,71.6,26.9,46.8,0.0,0.0,0.0,0.0,ok
2023-11-23,Tomato,85,T17_N1P2K1,45.0,63.0,127.0,6.61,20.1,28.3,635.0,71.6,26.9,46.8,0.0,0.0,0.0,0.0,ok
2023-11-23,Tomato,86,T2_N0P0K1,31.0,44.0,88.0,6.57,17.6,30.3,446.0,50.1,27.9,48.0,0.0,0.0,0.0,0.0,ok
2023-11-23,Tomato,90,T4_N0P1K0,19.0,26.0,53.0,6.62,19.5,31.1,269.0,78.2,27.3,49.2,0.0,0.0,0.0,0.0,ok
2023-11-23,Tomato,90,T4_N0P1K0,19.0,26.0,53.0,6.62,19.5,31.1,269.0,78.2,27.3,49.2,0.0,0.0,0.0,0.0,ok
2023-11-23,Tomato,91,T10_N1P0K0,24.0,35.0,70.0,6.75,14.6,29.9,349.0,54.9,27.4,47.6,0.0,0.0,0.0,0.0,ok
2023-11-23,Tomato,95,T2_N0P0K1,32.0,45.0,91.0,6.57,14.3,31.1,458.0,62.1,28.5,44.7,0.0,0.0,0.0,0.0,ok
2023-11-23,Tomato,95,T2_N0P0K1,32.0,45.0,91.0,6.57,14.3,31.1,458.0,62.1,28.5,44.7,0.0,0.0,0.0,0.0,ok
2023-11-23,Tomato,96,T6_N0P1K2,28.0,39.0,80.0,7.0,17.2,29.9,402.0,55.2,26.7,49.0,0.0,0.0,0.0,0.0,ok
2023-11-23,Tomato,100,T1_N0P0K0,4.0,6.0,13.0,6.69,5.7,29.9,69.0,76.0,28.2,45.4,0.0,0.0,0.0,0.0,ok
2023-11-23,Tomato,100,T1_N0P0K0,4.0,6.0,13.0,6.69,5.7,29.9,69.0,76.0,28.2,45.4,0.0,0.0,0.0,0.0,ok
2023-11-23,Tomato,101,T24_N2P1K2,24.0,34.0,67.0,6.87,14.0,29.5,337.0,58.5,25.8,52.5,0.0,0.0,0.0,0.0,ok
2023-11-23,Tomato,105,T19_N2P0K0,45.0,64.0,128.0,6.57,11.1,30.7,640.0,78.5,28.1,43.0,0.0,0.0,0.0,0.0,ok
2023-11-23,Tomato,105,T19_N2P0K0,45.0,64.0,128.0,6.57,11.1,30.7,640.0,78.5,28.1,43.0,0.0,0.0,0.0,0.0,ok
2023-11-23,Tomato,106,T21_N2P0K2,16.0,22.0,45.0,6.7,21.8,30.3,231.0,56.5,27.3,48.7,0.0,0.0,0.0,0.0,ok
2023-11-23,Tomato,110,T25_N2P2K0,24.0,34.0,68.0,6.78,18.5,27.9,342.0,81.1,27.9,44.8,0.0,0.0,0.0,0.0,ok
2023-11-23,Tomato,110,T25_N2P2K0,24.0,34.0,68.0,6.78,18.5,27.9,342.0,81.1,27.9,44.8,0.0,0.0,0.0,0.0,ok
2023-11-23,Tomato,111,T15_N1P1K2,22.0,30.0,61.0,6.59,17.4,25.9,308.0,59.5,24.9,55.0,0.0,0.0,0.0,0.0,ok
2023-11-23,Tomato,115,T19_N2P0K0,30.0,42.0,85.0,6.87,17.9,29.1,427.0,74.2,28.2,42.7,0.0,0.0,0.0,0.0,ok
2023-11-23,Tomato,115,T19_N2P0K0,30.0,42.0,85.0,6.87,17.9,29.1,427.0,74.2,28.2,42.7,0.0,0.0,0.0,0.0,ok
2023-11-23,Tomato,116,T26_N2P2K1,29.0,40.0,81.0,7.98,14.3,27.1,407.0,12.8,24.6,55.1,0.0,0.0,0.0,0.0,ok
2023-11-23,Tomato,120,T18_N1P2K2,23.0,33.0,66.0,6.71,14.3,29.5,333.0,78.5,28.0,45.6,0.0,0.0,0.0,0.0,ok
2023-11-23,Tomato,120,T18_N1P2K2,23.0,33.0,66.0,6.71,14.3,29.5,333.0,78.5,28.0,45.6,0.0,0.0,0.0,0.0,ok
2023-11-23,Tomato,121,T16_N1P2K0,25.0,35.0,71.0,6.76,9.9,27.1,359.0,13.7,24.2,56.6,0.0,0.0,0.0,0.0,ok
2023-11-23,Tomato,125,T16_N1P2K0,20.0,29.0,58.0,6.56,19.0,30.3,294.0,84.0,28.2,44.1,0.0,0.0,0.0,0.0,ok
2023-11-23,Tomato,125,T16_N1P2K0,20.0,29.0,58.0,6.56,19.0,30.3,294.0,84.0,28.2,44.1,0.0,0.0,0.0,0.0,ok
2023-11-23,Tomato,126,T24_N2P1K2,21.0,29.0,60.0,6.7,21.7,28.8,300.0,55.0,24.5,58.5,0.0,0.0,0.0,0.0,ok
2023-11-23,Tomato,130,T13_N1P1K0,29.0,41.0,82.0,6.79,12.1,28.3,410.0,36.3,27.2,44.0,0.0,0.0,0.0,0.0,ok
2023-11-23,Tomato,130,T13_N1P1K0,29.0,41.0,82.0,6.79,12.1,28.3,410.0,36.3,27.2,44.0,0.0,0.0,0.0,0.0,ok
2023-11-23,Tomato,131,T15_N1P1K2,14.0,19.0,39.0,6.51,15.8,25.5,198.0,11.5,25.5,53.0,0.0,0.0,0.0,0.0,ok
2023-11-23,Tomato,134,T16_N1P2K0,30.0,42.0,84.0,6.8,23.3,26.3,420.0,19.3,26.1,48.9,0.0,0.0,0.0,0.0,ok
2023-11-23,Tomato,135,T20_N2P0K1,59.0,84.0,172.0,6.73,19.1,27.9,827.0,21.1,27.0,46.9,0.0,0.0,0.0,0.0,ok
2023-11-23,Tomato,135,T20_N2P0K1,59.0,84.0,172.0,6.73,19.1,27.9,827.0,21.1,27.0,46.9,0.0,0.0,0.0,0.0,ok
2023-11-30,Tomato,1,T26_N2P2K1,8.0,12.0,25.0,6.68,21.9,25.8,126.0,33.9,22.5,61.3,6.0,0.0,0.0,0.0,ok
2023-11-30,Tomato,2,T6_N0P1K2,6.0,9.0,19.0,6.68,19.1,22.9,95.0,33.7,22.7,61.4,3.0,0.0,0.0,0.0,ok
2023-11-30,Tomato,3,T21_N2P0K2,26.0,36.0,73.0,6.28,33.0,26.1,369.0,20.1,26.2,49.4,9.0,0.0,0.0,0.0,ok
2023-11-30,Tomato,5,T18_N1P2K2,4.0,6.0,12.0,7.0,18.2,23.7,64.0,34.2,23.0,60.7,7.0,2.0,0.0,0.0,ok
2023-11-30,Tomato,6,T7_N0P2K0,2.0,3.0,6.0,6.86,1.3,24.0,32.0,31.8,23.1,61.1,4.0,2.0,0.0,0.0,ok
2023-11-30,Tomato,7,T16_N1P2K0,17.0,24.0,49.0,6.76,15.8,26.1,248.0,20.9,26.0,49.4,6.0,0.0,0.0,0.0,ok
2023-11-30,Tomato,10,T19_N2P0K0,11.0,16.0,33.0,6.86,11.3,24.1,166.0,32.3,23.3,59.0,4.0,0.0,0.0,0.0,ok
2023-11-30,Tomato,11,T6_N0P1K2,12.0,18.0,35.0,7.0,9.3,24.5,177.0,33.0,23.4,61.2,6.0,0.0,0.0,0.0,ok
2023-11-30,Tomato,12,T4_N0P1K0,29.0,41.0,82.0,6.8,19.2,26.1,411.0,33.0,25.6,51.1,4.0,0.0,0.0,0.0,ok
2023-11-30,Tomato,15,T13_N1P1K0,26.0,37.0,75.0,6.69,15.2,24.5,375.0,28.1,23.4,58.9,4.0,0.0,0.0,0.0,ok
2023-11-30,Tomato,16,T3_N0P0K2,26.0,37.0,74.0,6.82,4.8,24.1,371.0,34.8,23.5,60.0,4.0,0.0,0.0,0.0,ok
2023-11-30,Tomato,17,T20_N2P0K1,45.0,63.0,127.0,6.62,22.5,26.1,637.0,31.1,25.5,53.0,7.0,0.0,0.0,0.0,ok
2023-11-30,Tomato,20,T5_N0P1K1,14.0,20.0,40.0,7.16,21.9,24.5,204.0,30.1,23.5,61.8,8.0,0.0,0.0,0.0,ok
2023-11-30,Tomato,21,T25_N2P2K0,20.0,28.0,56.0,7.0,2.8,24.1,285.0,45.5,23.9,61.8,7.0,0.0,0.0,0.0,ok
2023-11-30,Tomato,22,T3_N0P0K2,1.0,2.0,4.0,6.57,0.4,26.9,23.0,22.0,25.2,55.7,7.0,0.0,0.0,0.0,ok
2023-11-30,Tomato,25,T8_N0P2K1,6.0,8.0,16.0,6.72,3.6,28.1,84.0,55.9,26.4,52.6,7.0,0.0,0.0,0.0,ok
2023-11-30,Tomato,26,T25_N2P2K0,0.0,0.0,1.0,6.71,1.7,28.1,6.0,42.7,25.9,54.1,6.0,0.0,0.0,0.0,zero_sensor_value
2023-11-30,Tomato,27,T16_N1P2K0,22.0,31.0,62.0,6.54,29.0,26.9,311.0,22.9,25.1,53.9,7.0,0.0,0.0,0.0,ok
2023-11-30,Tomato,30,T2_N0P0K1,0.0,0.0,1.0,6.77,0.2,27.3,9.0,53.1,25.8,53.3,7.0,0.0,0.0,0.0,zero_sensor_value
2023-11-30,Tomato,31,T15_N1P1K2,9.0,13.0,27.0,6.81,0.0,26.1,139.0,52.7,25.9,53.7,6.0,0.0,0.0,0.0,zero_sensor_value
2023-11-30,Tomato,32,T20_N2P0K1,15.0,22.0,44.0,6.69,5.1,26.5,221.0,22.0,26.1,50.0,8.0,0.0,0.0,0.0,ok
2023-11-30,Tomato,35,T24_N2P1K2,9.0,13.0,27.0,6.56,23.1,24.9,138.0,32.8,25.9,54.5,9.0,0.0,0.0,0.0,ok
2023-11-30,Tomato,36,T23_N2P1K1,8.0,12.0,24.0,6.65,5.9,25.7,119.0,35.9,26.0,52.9,8.0,0.0,0.0,0.0,ok
2023-11-30,Tomato,37,T23_N2P1K1,45.0,63.0,127.0,6.62,19.0,26.9,639.0,20.4,26.9,50.2,6.0,0.0,0.0,0.0,ok
2023-11-30,Tomato,40,T10_N1P0K0,22.0,30.0,62.0,6.57,13.1,24.9,311.0,25.9,26.0,52.7,11.0,0.0,0.0,0.0,ok
2023-11-30,Tomato,41,T9_N0P2K2,7.0,10.0,20.0,6.65,9.5,24.9,102.0,42.9,25.7,54.2,6.0,0.0,0.0,0.0,ok
2023-11-30,Tomato,42,T3_N0P0K2,16.0,22.0,45.0,6.41,21.9,26.9,230.0,50.8,26.5,49.7,4.0,0.0,0.0,0.0,ok
2023-11-30,Tomato,45,T22_N2P1K0,10.0,14.0,28.0,6.82,20.7,25.7,141.0,66.6,26.6,50.6,9.0,0.0,0.0,0.0,ok
2023-11-30,Tomato,46,T6_N0P1K2,15.0,21.0,43.0,6.79,18.2,25.3,214.0,64.0,26.7,53.1,8.0,0.0,0.0,0.0,ok
2023-11-30,Tomato,47,T1_N0P0K0,29.0,41.0,82.0,6.75,11.2,27.3,411.0,21.9,25.3,55.6,5.0,0.0,0.0,0.0,ok
2023-11-30,Tomato,50,T10_N1P0K0,8.0,12.0,24.0,6.74,19.1,25.8,123.0,28.0,26.8,51.5,4.0,0.0,0.0,0.0,ok
2023-11-30,Tomato,51,T4_N0P1K0,21.0,30.0,60.0,6.75,13.7,25.7,303.0,24.5,26.6,51.2,8.0,0.0,0.0,0.0,ok
2023-11-30,Tomato,52,T12_N1P0K2,61.0,84.0,171.0,6.68,17.7,26.5,862.0,21.9,25.2,55.9,3.0,0.0,0.0,0.0,ok
2023-11-30,Tomato,55,T4_N0P1K0,45.0,63.0,127.0,6.74,11.7,25.3,637.0,60.9,26.4,51.9,5.0,0.0,0.0,0.0,ok
2023-11-30,Tomato,56,T12_N1P0K2,16.0,23.0,47.0,6.62,9.9,26.1,235.0,60.6,26.5,55.0,5.0,0.0,0.0,0.0,ok
2023-11-30,Tomato,57,T5_N0P1K1,32.0,45.0,90.0,6.46,14.4,26.1,453.0,22.5,25.2,55.4,6.0,0.0,0.0,0.0,ok
2023-11-30,Tomato,60,T27_N2P2K2,11.0,16.0,33.0,6.54,22.3,24.4,167.0,23.1,26.9,50.8,6.0,0.0,0.0,0.0,ok
2023-11-30,Tomato,61,T2_N0P0K1,22.0,30.0,60.0,6.65,15.3,24.9,305.0,54.9,26.4,51.5,6.0,0.0,0.0,0.0,ok
2023-11-30,Tomato,62,T21_N2P0K2,33.0,46.0,93.0,7.0,16.1,26.5,634.0,21.0,25.1,55.4,3.0,0.0,0.0,0.0,ok
2023-11-30,Tomato,65,T3_N0P0K2,13.0,19.0,38.0,6.7,20.6,24.5,193.0,72.7,26.6,52.5,5.0,0.0,0.0,0.0,ok
2023-11-30,Tomato,66,T8_N0P2K1,20.0,28.0,57.0,6.49,23.9,24.9,284.0,27.8,26.4,52.7,2.0,0.0,0.0,0.0,ok
2023-11-30,Tomato,67,T17_N1P2K1,33.0,47.0,94.0,6.85,21.2,26.5,469.0,30.7,25.0,55.7,3.0,0.0,0.0,0.0,ok
2023-11-30,Tomato,70,T22_N2P1K0,28.0,39.0,79.0,6.73,16.8,24.9,396.0,57.6,26.2,51.9,7.0,0.0,0.0,0.0,ok
2023-11-30,Tomato,71,T5_N0P1K1,12.0,17.0,34.0,6.68,1.5,26.1,174.0,26.2,26.2,51.1,6.0,1.0,0.0,0.0,ok
2023-11-30,Tomato,72,T17_N1P2K1,45.0,64.0,128.0,6.71,16.8,26.5,643.0,22.6,24.7,57.0,4.0,0.0,0.0,0.0,ok
2023-11-30,Tomato,75,T4_N0P1K0,13.0,18.0,37.0,6.68,21.7,26.5,185.0,26.0,26.2,53.2,3.0,0.0,0.0,0.0,ok
2023-11-30,Tomato,76,T23_N2P1K1,33.0,47.0,94.0,6.72,4.6,26.5,470.0,26.0,26.6,51.2,3.0,0.0,0.0,0.0,ok
2023-11-30,Tomato,77,T11_N1P0K1,9.0,12.0,25.0,6.88,15.6,25.6,130.0,23.0,24.6,56.8,3.0,0.0,0.0,0.0,ok
2023-11-30,Tomato,80,T22_N2P1K0,3.0,4.0,9.0,6.71,4.4,26.5,47.0,34.2,26.3,55.1,3.0,0.0,0.0,0.0,ok
2023-11-30,Tomato,81,T12_N1P0K2,12.0,17.0,34.0,6.59,22.0,25.3,174.0,35.1,26.1,54.2,4.0,0.0,0.0,0.0,ok
2023-11-30,Tomato,82,T7_N0P2K0,28.0,40.0,80.0,6.5,28.9,26.5,400.0,21.8,25.0,55.3,7.0,0.0,0.0,0.0,ok
2023-11-30,Tomato,85,T17_N1P2K1,20.0,27.0,56.0,6.49,21.4,22.7,277.0,36.2,24.5,55.1,3.0,0.0,0.0,0.0,ok
2023-11-30,Tomato,86,T2_N0P0K1,27.0,39.0,78.0,6.6,20.0,23.5,393.0,36.3,24.4,56.6,0.0,0.0,0.0,0.0,ok
2023-11-30,Tomato,87,T5_N0P1K1,10.0,14.0,29.0,6.56,21.1,26.9,145.0,43.7,25.5,55.3,4.0,0.0,0.0,0.0,ok
2023-11-30,Tomato,90,T4_N0P1K0,12.0,16.0,33.0,6.74,24.4,23.5,170.0,25.2,24.8,54.6,4.0,0.0,0.0,0.0,ok
2023-11-30,Tomato,91,T10_N1P0K0,24.0,33.0,67.0,7.0,17.0,24.3,336.0,28.1,25.0,54.4,6.0,0.0,0.0,0.0,ok
2023-11-30,Tomato,92,T5_N0P1K1,27.0,38.0,76.0,6.75,18.3,26.9,377.0,46.6,25.7,53.1,4.0,0.0,0.0,0.0,ok
2023-11-30,Tomato,95,T2_N0P0K1,13.0,18.0,38.0,6.82,20.0,24.7,190.0,30.8,25.2,53.3,6.0,0.0,0.0,0.0,ok
2023-11-30,Tomato,96,T6_N0P1K2,13.0,19.0,39.0,6.74,23.5,24.3,196.0,28.1,25.5,52.3,5.0,0.0,0.0,0.0,ok
2023-11-30,Tomato,97,T27_N2P2K2,12.0,18.0,36.0,6.6,23.7,23.9,178.0,76.5,26.0,53.0,5.0,0.0,0.0,0.0,ok
2023-11-30,Tomato,100,T1_N0P0K0,7.0,10.0,21.0,6.53,19.5,24.7,107.0,65.6,27.2,51.4,5.0,0.0,0.0,0.0,ok
2023-11-30,Tomato,101,T24_N2P1K2,45.0,63.0,127.0,6.54,12.7,25.9,638.0,43.1,28.1,47.6,3.0,0.0,0.0,0.0,ok
2023-11-30,Tomato,102,T24_N2P1K2,30.0,42.0,85.0,6.49,10.5,26.7,425.0,28.9,27.6,45.0,9.0,1.0,0.0,0.0,ok
2023-11-30,Tomato,105,T19_N2P0K0,17.0,24.0,49.0,6.6,0.2,26.5,248.0,50.8,24.7,56.7,7.0,0.0,0.0,0.0,ok
2023-11-30,Tomato,106,T21_N2P0K2,20.0,29.0,57.0,6.71,22.0,25.5,287.0,21.6,25.8,48.5,4.0,0.0,0.0,0.0,ok
2023-11-30,Tomato,107,T9_N0P2K2,11.0,15.0,31.0,6.67,23.3,26.3,155.0,52.5,26.1,47.0,4.0,0.0,0.0,0.0,ok
2023-11-30,Tomato,110,T25_N2P2K0,10.0,14.0,28.0,6.84,21.3,27.1,141.0,54.5,26.0,49.8,2.0,0.0,0.0,0.0,ok
2023-11-30,Tomato,111,T15_N1P1K2,8.0,11.0,23.0,6.83,22.1,25.9,115.0,45.6,26.3,46.6,3.0,0.0,0.0,0.0,ok
2023-11-30,Tomato,112,T25_N2P2K0,20.0,29.0,58.0,6.77,21.8,25.6,291.0,33.4,26.9,47.5,0.0,0.0,0.0,0.0,ok
2023-11-30,Tomato,115,T19_N2P0K0,28.0,40.0,81.0,6.69,20.4,25.5,403.0,54.7,27.3,46.5,4.0,0.0,0.0,0.0,ok
2023-11-30,Tomato,116,T26_N2P2K1,14.0,20.0,41.0,6.69,19.8,25.5,208.0,45.0,27.1,47.8,6.0,0.0,0.0,0.0,ok
2023-11-30,Tomato,117,T12_N1P0K2,25.0,35.0,71.0,5.94,21.0,25.1,357.0,61.0,26.7,49.7,3.0,0.0,0.0,0.0,ok
2023-11-30,Tomato,120,T18_N1P2K2,13.0,18.0,37.0,6.72,19.7,27.1,183.0,67.2,26.6,48.5,4.0,0.0,0.0,0.0,ok
2023-11-30,Tomato,121,T16_N1P2K0,31.0,44.0,89.0,6.79,11.9,26.3,446.0,71.3,26.7,46.1,0.0,0.0,0.0,0.0,ok
2023-11-30,Tomato,122,T14_N1P1K1,21.0,29.0,58.0,6.6,24.8,25.9,293.0,68.9,26.9,47.8,2.0,0.0,0.0,0.0,ok
2023-11-30,Tomato,126,T24_N2P1K2,18.0,25.0,50.0,6.42,26.1,25.7,252.0,48.3,25.2,57.7,0.0,0.0,0.0,0.0,ok
2023-11-30,Tomato,127,T20_N2P0K1,19.0,27.0,56.0,6.71,24.9,25.1,277.0,29.3,25.5,47.9,3.0,0.0,0.0,0.0,ok
2023-11-30,Tomato,130,T13_N1P1K0,32.0,45.0,91.0,6.74,17.1,25.1,459.0,53.8,25.2,50.0,4.0,0.0,0.0,0.0,ok
2023-11-30,Tomato,131,T15_N1P1K2,31.0,44.0,88.0,6.5,19.7,25.3,446.0,22.5,25.5,52.3,1.0,0.0,0.0,0.0,ok
2023-11-30,Tomato,132,T21_N2P0K2,25.0,36.0,72.0,6.49,22.1,26.1,360.0,22.7,25.6,52.8,1.0,0.0,0.0,0.0,ok
2023-11-30,Tomato,135,T20_N2P0K1,23.0,33.0,67.0,6.7,14.1,26.5,337.0,46.2,26.0,52.1,4.0,0.0,0.0,0.0,ok
2023-12-06,Tomato,1,T26_N2P2K1,6.0,8.0,17.0,6.7,24.3,22.5,89.0,23.1,22.6,72.1,9.0,3.0,0.0,0.0,ok
2023-12-06,Tomato,2,T6_N0P1K2,23.0,32.0,64.0,6.27,19.3,20.1,322.0,21.3,23.2,66.0,5.0,2.0,0.0,0.0,ok
2023-12-06,Tomato,3,T21_N2P0K2,18.0,25.0,51.0,6.51,23.5,20.1,256.0,20.5,23.2,68.4,8.0,4.0,0.0,0.0,ok
2023-12-06,Tomato,5,T18_N1P2K2,26.0,37.0,74.0,7.46,11.3,20.5,369.0,20.2,23.2,68.6,10.0,4.0,0.0,0.0,ok
2023-12-06,Tomato,6,T7_N0P2K0,4.0,6.0,13.0,6.87,4.3,20.9,70.0,21.1,23.2,66.7,5.0,4.0,0.0,0.0,ok
2023-12-06,Tomato,7,T16_N1P2K0,9.0,13.0,27.0,7.0,12.8,21.3,134.0,22.5,23.3,66.4,9.0,2.0,0.0,0.0,ok
2023-12-06,Tomato,10,T19_N2P0K0,31.0,44.0,87.0,6.83,6.1,21.7,445.0,25.4,23.4,67.3,7.0,2.0,0.0,0.0,ok
2023-12-06,Tomato,11,T6_N0P1K2,13.0,18.0,36.0,7.0,19.2,21.3,179.0,22.2,23.4,66.0,7.0,2.0,0.0,0.0,ok
2023-12-06,Tomato,12,T4_N0P1K0,6.0,8.0,17.0,6.87,14.9,21.3,83.0,23.5,23.4,63.7,7.0,0.0,0.0,0.0,ok
2023-12-06,Tomato,15,T13_N1P1K0,32.0,46.0,91.0,6.79,10.7,21.7,456.0,22.5,23.2,64.5,8.0,2.0,0.0,0.0,ok
2023-12-06,Tomato,16,T3_N0P0K2,19.0,27.0,55.0,6.79,20.6,21.0,277.0,21.8,22.9,64.2,6.0,2.0,0.0,0.0,ok
2023-12-06,Tomato,17,T20_N2P0K1,16.0,22.0,45.0,6.61,22.3,20.5,223.0,22.6,22.8,66.7,7.0,3.0,0.0,0.0,ok
2023-12-06,Tomato,20,T5_N0P1K1,45.0,63.0,127.0,7.0,12.2,20.9,634.0,20.7,22.7,67.7,6.0,4.0,0.0,0.0,ok
2023-12-06,Tomato,21,T25_N2P2K0,20.0,28.0,57.0,6.67,19.4,21.3,286.0,19.4,22.7,68.7,6.0,3.0,0.0,0.0,ok
2023-12-06,Tomato,22,T3_N0P0K2,9.0,13.0,26.0,6.72,6.7,23.0,132.0,23.5,26.3,54.4,5.0,3.0,0.0,0.0,ok
2023-12-06,Tomato,25,T8_N0P2K1,11.0,15.0,30.0,6.53,21.0,22.6,154.0,33.1,26.1,55.8,5.0,4.0,0.0,0.0,ok
2023-12-06,Tomato,26,T25_N2P2K0,23.0,32.0,66.0,6.63,21.5,22.6,326.0,33.0,25.6,56.6,5.0,4.0,0.0,0.0,ok
2023-12-06,Tomato,27,T16_N1P2K0,13.0,19.0,38.0,6.59,19.3,22.6,190.0,36.8,25.2,59.0,8.0,2.0,0.0,0.0,ok
2023-12-06,Tomato,30,T2_N0P0K1,9.0,13.0,27.0,6.82,19.1,21.8,138.0,34.5,24.8,61.1,5.0,4.0,0.0,0.0,ok
2023-12-06,Tomato,31,T15_N1P1K2,18.0,25.0,51.0,6.84,20.3,21.4,253.0,32.4,24.5,64.0,7.0,4.0,0.0,0.0,ok
2023-12-06,Tomato,32,T20_N2P0K1,17.0,24.0,47.0,6.83,16.8,21.0,234.0,23.3,24.2,65.2,6.0,4.0,0.0,0.0,ok
2023-12-06,Tomato,35,T24_N2P1K2,14.0,20.0,41.0,6.3,22.6,20.2,206.0,23.1,24.1,62.6,9.0,3.0,0.0,0.0,ok
2023-12-06,Tomato,36,T23_N2P1K1,18.0,25.0,50.0,6.16,21.3,20.2,252.0,31.6,23.9,66.1,8.0,4.0,0.0,0.0,ok
2023-12-06,Tomato,37,T23_N2P1K1,19.0,27.0,55.0,6.34,23.8,20.7,277.0,20.9,23.5,65.5,8.0,2.0,0.0,0.0,ok
2023-12-06,Tomato,40,T10_N1P0K0,20.0,29.0,58.0,6.64,14.1,21.7,291.0,29.5,23.3,68.9,7.0,8.0,0.0,0.0,ok
2023-12-06,Tomato,41,T9_N0P2K2,15.0,22.0,45.0,6.76,0.1,21.7,226.0,21.3,23.1,66.2,8.0,2.0,0.0,0.0,ok
2023-12-06,Tomato,42,T3_N0P0K2,21.0,30.0,60.0,6.51,23.0,21.7,303.0,21.2,22.9,67.3,4.0,3.0,0.0,0.0,ok
2023-12-06,Tomato,45,T22_N2P1K0,22.0,31.0,62.0,6.51,24.1,22.6,314.0,26.7,25.8,50.9,9.0,4.0,0.0,0.0,ok
2023-12-06,Tomato,46,T6_N0P1K2,16.0,22.0,45.0,6.84,21.2,21.8,226.0,25.6,25.3,52.4,9.0,4.0,0.0,0.0,ok
2023-12-06,Tomato,47,T1_N0P0K0,21.0,29.0,59.0,6.66,17.6,21.8,295.0,28.3,25.0,58.3,3.0,4.0,0.0,0.0,ok
2023-12-06,Tomato,50,T10_N1P0K0,14.0,20.0,39.0,6.64,22.4,22.6,201.0,28.3,25.0,55.5,4.0,2.0,0.0,0.0,ok
2023-12-06,Tomato,51,T4_N0P1K0,12.0,17.0,34.0,6.47,7.7,22.4,171.0,32.0,24.3,55.8,8.0,4.0,0.0,0.0,ok
2023-12-06,Tomato,52,T12_N1P0K2,20.0,29.0,58.0,6.46,18.7,22.4,291.0,31.1,24.2,57.5,5.0,0.0,0.0,0.0,ok
2023-12-06,Tomato,55,T4_N0P1K0,19.0,27.0,54.0,6.74,23.5,23.2,270.0,31.8,24.3,56.2,6.0,3.0,0.0,0.0,ok
2023-12-06,Tomato,56,T12_N1P0K2,13.0,19.0,38.0,6.64,8.4,23.2,192.0,34.0,24.3,58.1,6.0,3.0,0.0,0.0,ok
2023-12-06,Tomato,57,T5_N0P1K1,16.0,23.0,46.0,6.51,17.5,23.2,232.0,34.5,24.5,58.9,5.0,4.0,0.0,0.0,ok
2023-12-06,Tomato,60,T27_N2P2K2,23.0,33.0,66.0,6.73,23.3,23.2,332.0,33.6,24.6,55.2,6.0,3.0,0.0,0.0,ok
2023-12-06,Tomato,61,T2_N0P0K1,45.0,63.0,127.0,7.0,15.6,23.1,636.0,35.1,24.7,57.0,6.0,4.0,0.0,0.0,ok
2023-12-06,Tomato,62,T21_N2P0K2,12.0,17.0,34.0,6.72,18.4,23.2,173.0,34.5,24.7,55.4,5.0,2.0,0.0,0.0,ok
2023-12-06,Tomato,65,T3_N0P0K2,11.0,16.0,33.0,6.78,27.4,22.8,169.0,27.2,25.0,51.9,5.0,3.0,0.0,0.0,ok
2023-12-06,Tomato,66,T8_N0P2K1,13.0,19.0,38.0,6.77,23.9,23.2,193.0,29.4,25.2,51.1,5.0,0.0,0.0,0.0,ok
2023-12-06,Tomato,67,T17_N1P2K1,24.0,33.0,67.0,6.78,34.8,24.0,340.0,27.3,25.3,51.8,5.0,2.0,0.0,0.0,ok
2023-12-06,Tomato,70,T22_N2P1K0,18.0,25.0,50.0,6.7,3.0,23.6,256.0,27.5,25.3,52.5,5.0,3.0,0.0,0.0,ok
2023-12-06,Tomato,71,T5_N0P1K1,15.0,21.0,43.0,6.77,20.4,23.2,218.0,28.9,25.3,52.0,4.0,5.0,0.0,0.0,ok
2023-12-06,Tomato,72,T17_N1P2K1,8.0,12.0,25.0,6.49,22.2,23.2,123.0,27.2,25.3,55.4,6.0,3.0,0.0,0.0,ok
2023-12-06,Tomato,75,T4_N0P1K0,16.0,22.0,45.0,6.7,19.9,23.2,226.0,31.2,25.0,55.8,5.0,2.0,0.0,0.0,ok
2023-12-06,Tomato,76,T23_N2P1K1,29.0,40.0,80.0,6.53,23.5,23.6,406.0,30.6,24.9,55.7,6.0,2.0,0.0,0.0,ok
2023-12-06,Tomato,77,T11_N1P0K1,29.0,41.0,83.0,6.78,14.8,24.0,415.0,30.2,24.9,54.6,6.0,1.0,0.0,0.0,ok
2023-12-06,Tomato,80,T22_N2P1K0,22.0,31.0,62.0,6.69,20.6,23.2,314.0,28.9,24.8,56.2,5.0,2.0,0.0,0.0,ok
2023-12-06,Tomato,81,T12_N1P0K2,12.0,17.0,35.0,7.0,25.0,23.2,175.0,29.7,24.8,54.6,4.0,4.0,0.0,0.0,ok
2023-12-06,Tomato,82,T7_N0P2K0,18.0,25.0,50.0,6.71,18.2,23.2,257.0,29.5,24.9,55.6,7.0,4.0,0.0,0.0,ok
2023-12-06,Tomato,85,T17_N1P2K1,18.0,25.0,51.0,6.84,25.1,22.6,255.0,20.9,24.7,53.7,3.0,2.0,0.0,0.0,ok
2023-12-06,Tomato,86,T2_N0P0K1,13.0,19.0,38.0,6.77,27.3,22.4,194.0,24.5,24.4,54.9,0.0,0.0,0.0,0.0,ok
2023-12-06,Tomato,87,T5_N0P1K1,20.0,28.0,55.0,6.68,24.0,22.4,279.0,28.9,24.3,55.8,6.0,2.0,0.0,0.0,ok
2023-12-06,Tomato,90,T4_N0P1K0,24.0,34.0,68.0,6.73,21.2,23.2,340.0,33.9,24.2,56.5,5.0,3.0,0.0,0.0,ok
2023-12-06,Tomato,91,T10_N1P0K0,5.0,7.0,14.0,6.66,21.2,23.2,73.0,31.3,23.8,55.7,7.0,3.0,0.0,0.0,ok
2023-12-06,Tomato,92,T5_N0P1K1,16.0,23.0,47.0,6.87,17.6,23.6,232.0,34.8,23.7,58.2,2.0,3.0,0.0,0.0,ok
2023-12-06,Tomato,95,T2_N0P0K1,8.0,11.0,23.0,6.6,18.2,24.0,118.0,33.6,23.6,57.3,6.0,4.0,0.0,0.0,ok
2023-12-06,Tomato,96,T6_N0P1K2,12.0,17.0,34.0,6.7,20.7,23.2,173.0,33.4,23.7,55.2,5.0,3.0,0.0,0.0,ok
2023-12-06,Tomato,97,T27_N2P2K2,5.0,7.0,14.0,6.69,16.6,22.8,75.0,32.6,23.7,55.0,5.0,4.0,0.0,0.0,ok
2023-12-06,Tomato,100,T1_N0P0K0,6.0,9.0,18.0,6.56,22.4,24.0,91.0,30.5,23.7,56.0,3.0,3.0,0.0,0.0,ok
2023-12-06,Tomato,101,T24_N2P1K2,45.0,63.0,127.0,6.6,17.7,24.0,635.0,30.6,23.7,56.9,6.0,0.0,0.0,0.0,ok
2023-12-06,Tomato,102,T24_N2P1K2,15.0,21.0,42.0,7.0,16.1,24.0,210.0,31.6,23.7,56.9,7.0,6.0,0.0,0.0,ok
2023-12-06,Tomato,105,T19_N2P0K0,30.0,42.0,85.0,6.66,18.9,24.8,424.0,30.4,23.9,59.4,6.0,3.0,0.0,0.0,ok
2023-12-06,Tomato,106,T21_N2P0K2,26.0,36.0,74.0,6.65,22.4,23.6,371.0,24.6,23.0,62.3,5.0,4.0,0.0,0.0,ok
2023-12-06,Tomato,107,T9_N0P2K2,20.0,29.0,57.0,6.63,25.0,23.6,288.0,28.8,22.8,62.9,4.0,3.0,0.0,0.0,ok
2023-12-06,Tomato,110,T25_N2P2K0,26.0,37.0,76.0,6.63,23.0,24.0,377.0,31.2,22.7,61.7,2.0,0.0,0.0,0.0,ok
2023-12-06,Tomato,111,T15_N1P1K2,21.0,30.0,60.0,6.76,23.6,23.6,301.0,32.0,22.7,60.4,4.0,1.0,0.0,0.0,ok
2023-12-06,Tomato,112,T25_N2P2K0,45.0,63.0,127.0,6.79,29.6,23.7,635.0,31.6,22.8,60.7,0.0,0.0,0.0,0.0,ok
2023-12-06,Tomato,115,T19_N2P0K0,15.0,22.0,44.0,6.7,24.8,23.6,222.0,31.8,22.9,60.3,1.0,3.0,0.0,0.0,ok
2023-12-06,Tomato,116,T26_N2P2K1,11.0,15.0,32.0,6.8,13.5,24.0,161.0,29.8,23.2,58.7,6.0,3.0,0.0,0.0,ok
2023-12-06,Tomato,117,T12_N1P0K2,32.0,45.0,90.0,6.6,22.2,24.0,450.0,31.3,23.5,57.4,5.0,2.0,0.0,0.0,ok
2023-12-06,Tomato,120,T18_N1P2K2,26.0,37.0,75.0,6.64,20.7,24.2,372.0,31.2,23.7,57.1,3.0,2.0,0.0,0.0,ok
2023-12-06,Tomato,121,T16_N1P2K0,28.0,40.0,80.0,6.67,17.6,24.4,404.0,31.7,23.8,58.0,0.0,0.0,0.0,0.0,ok
2023-12-06,Tomato,122,T14_N1P1K1,7.0,11.0,21.0,6.61,20.9,24.8,110.0,28.9,23.9,58.4,2.0,1.0,0.0,0.0,ok
2023-12-06,Tomato,125,T16_N1P2K0,24.0,34.0,68.0,6.76,19.3,24.4,342.0,28.7,23.9,57.1,0.0,0.0,0.0,0.0,ok
2023-12-06,Tomato,126,T24_N2P1K2,32.0,45.0,91.0,6.68,28.3,24.8,459.0,28.7,24.1,55.7,0.0,0.0,0.0,0.0,ok
2023-12-06,Tomato,127,T20_N2P0K1,20.0,28.0,55.0,6.65,26.2,23.6,277.0,31.2,23.2,57.0,3.0,1.0,0.0,0.0,ok
2023-12-06,Tomato,130,T13_N1P1K0,13.0,18.0,37.0,6.79,19.6,23.2,190.0,35.7,23.0,58.3,4.0,2.0,0.0,0.0,ok
2023-12-06,Tomato,131,T15_N1P1K2,11.0,16.0,32.0,6.75,24.3,23.2,164.0,37.5,22.8,57.7,3.0,0.0,0.0,0.0,ok
2023-12-06,Tomato,132,T21_N2P0K2,17.0,24.0,49.0,6.6,25.1,23.2,249.0,38.0,22.5,58.8,3.0,0.0,0.0,0.0,ok
2023-12-06,Tomato,135,T20_N2P0K1,31.0,43.0,87.0,6.69,22.0,23.2,436.0,39.4,22.3,58.6,5.0,2.0,0.0,0.0,ok
2023-12-20,Tomato,3,T21_N2P0K2,1.0,2.0,5.0,6.15,17.4,21.0,26.0,48.2,26.0,51.6,9.0,9.0,0.0,0.0,ok
2023-12-20,Tomato,3,T21_N2P0K2,10.0,15.0,30.0,6.73,22.3,22.6,153.0,46.8,26.2,55.9,9.0,9.0,0.0,0.0,ok
2023-12-20,Tomato,3,T21_N2P0K2,0.0,1.0,2.0,6.46,13.7,22.6,13.0,47.8,26.0,50.4,9.0,9.0,0.0,0.0,zero_sensor_value
2023-12-20,Tomato,19,T15_N1P1K2,5.0,8.0,16.0,6.67,14.7,24.6,84.0,38.3,27.1,52.0,12.0,7.0,0.0,0.0,ok
2023-12-20,Tomato,22,T3_N0P0K2,1.0,2.0,4.0,6.48,23.2,23.9,23.0,23.0,26.8,51.8,9.0,17.0,0.0,0.0,ok
2023-12-20,Tomato,38,T7_N0P2K0,5.0,8.0,15.0,6.54,16.7,23.0,79.0,53.5,26.8,50.0,16.0,14.0,0.0,0.0,ok
2023-12-20,Tomato,38,T7_N0P2K0,3.0,4.0,9.0,6.67,14.0,23.0,49.0,49.8,26.6,52.6,16.0,14.0,0.0,0.0,ok
2023-12-20,Tomato,38,T7_N0P2K0,1.0,2.0,4.0,6.45,12.3,23.8,22.0,50.4,27.2,51.0,16.0,14.0,0.0,0.0,ok
2023-12-20,Tomato,40,T10_N1P0K0,8.0,11.0,23.0,6.53,14.3,24.2,114.0,43.2,27.6,50.8,13.0,18.0,0.0,0.0,ok
2023-12-20,Tomato,40,T10_N1P0K0,0.0,1.0,2.0,6.54,12.1,24.2,13.0,45.5,27.9,46.0,13.0,18.0,0.0,0.0,zero_sensor_value
2023-12-20,Tomato,40,T10_N1P0K0,0.0,0.0,1.0,6.61,12.7,25.8,8.0,49.0,28.1,44.8,13.0,18.0,0.0,0.0,zero_sensor_value
2023-12-20,Tomato,43,T2_N0P0K1,9.0,13.0,26.0,6.67,20.9,24.2,134.0,21.3,26.7,52.1,16.0,17.0,0.0,0.0,ok
2023-12-20,Tomato,46,T6_N0P1K2,7.0,10.0,20.0,6.58,20.3,25.0,102.0,39.8,26.6,54.8,12.0,20.0,0.0,0.0,ok
2023-12-20,Tomato,49,T24_N2P1K2,3.0,5.0,10.0,6.76,22.5,25.0,53.0,33.5,26.3,54.6,15.0,20.0,0.0,0.0,ok
2023-12-20,Tomato,59,T9_N0P2K2,11.0,16.0,32.0,6.59,19.4,25.0,165.0,21.9,26.2,52.5,11.0,12.0,0.0,0.0,ok
2023-12-20,Tomato,60,T27_N2P2K2,15.0,21.0,42.0,6.74,23.4,25.4,212.0,25.6,26.2,54.3,14.0,18.0,0.0,0.0,ok
2023-12-20,Tomato,63,T26_N2P2K1,0.0,0.0,0.0,6.86,11.7,26.5,0.0,43.1,28.5,44.8,11.0,10.0,0.0,0.0,zero_sensor_value
2023-12-20,Tomato,63,T26_N2P2K1,0.0,0.0,1.0,6.64,9.2,25.4,6.0,48.6,28.5,45.9,11.0,10.0,0.0,0.0,zero_sensor_value
2023-12-20,Tomato,63,T26_N2P2K1,3.0,4.0,8.0,6.37,18.3,26.2,43.0,24.2,28.6,49.3,11.0,10.0,0.0,0.0,ok
2023-12-20,Tomato,70,T22_N2P1K0,3.0,5.0,11.0,6.74,22.8,23.8,54.0,14.4,26.4,52.5,11.0,17.0,0.0,0.0,ok
2023-12-20,Tomato,72,T17_N1P2K1,5.0,8.0,15.0,6.62,26.7,24.2,79.0,18.6,26.5,53.1,,,,,ok
2023-12-20,Tomato,75,T4_N0P1K0,18.0,25.0,50.0,6.61,24.8,24.6,256.0,14.1,26.5,54.4,12.0,10.0,0.0,0.0,ok
2023-12-20,Tomato,81,T12_N1P0K2,3.0,4.0,9.0,6.55,23.5,25.4,48.0,23.5,26.3,58.2,9.0,17.0,0.0,0.0,ok
2023-12-20,Tomato,92,T5_N0P1K1,8.0,11.0,23.0,6.82,21.6,24.2,118.0,41.0,26.2,53.1,16.0,9.0,0.0,0.0,ok
2023-12-20,Tomato,93,T11_N1P0K1,1.0,2.0,5.0,6.7,19.7,25.0,27.0,36.6,26.3,50.6,18.0,22.0,0.0,0.0,ok
2023-12-20,Tomato,100,T1_N0P0K0,2.0,2.0,6.0,6.57,14.4,25.0,29.0,34.2,26.0,59.8,12.0,15.0,0.0,0.0,ok
2023-12-20,Tomato,109,T8_N0P2K1,7.0,10.0,21.0,6.63,22.5,22.2,106.0,40.0,25.5,56.0,10.0,9.0,0.0,0.0,ok
2023-12-20,Tomato,112,T25_N2P2K0,9.0,13.0,26.0,6.79,25.6,22.2,134.0,41.2,25.6,51.4,9.0,4.0,0.0,0.0,ok
2023-12-20,Tomato,114,T23_N2P1K1,2.0,2.0,5.0,6.86,21.6,22.6,28.0,13.6,25.9,49.2,10.0,7.0,0.0,0.0,ok
2023-12-20,Tomato,120,T18_N1P2K2,10.0,14.0,29.0,6.51,21.9,23.0,145.0,19.5,26.2,54.8,12.0,12.0,0.0,0.0,ok
2023-12-20,Tomato,122,T14_N1P1K1,9.0,12.0,25.0,6.62,21.8,23.4,129.0,43.0,26.0,61.7,13.0,6.0,0.0,0.0,ok
2023-12-20,Tomato,123,T13_N1P1K0,1.0,1.0,2.0,6.75,14.0,24.2,14.0,52.3,26.0,52.1,15.0,15.0,0.0,0.0,ok
2023-12-20,Tomato,125,T16_N1P2K0,2.0,3.0,7.0,6.72,23.6,25.8,39.0,48.9,28.7,42.7,9.0,4.0,0.0,0.0,ok
2023-12-20,Tomato,125,T16_N1P2K0,1.0,2.0,5.0,6.67,20.6,25.8,26.0,27.9,28.3,43.4,9.0,4.0,0.0,0.0,ok
2023-12-20,Tomato,125,T16_N1P2K0,0.0,0.0,0.0,6.66,14.3,25.8,0.0,51.2,28.7,44.9,9.0,4.0,0.0,0.0,zero_sensor_value
2023-12-20,Tomato,127,T20_N2P0K1,9.0,13.0,27.0,6.81,25.1,22.6,136.0,20.6,26.4,50.0,10.0,9.0,0.0,0.0,ok
2023-12-20,Tomato,133,T19_N2P0K0,8.0,12.0,24.0,6.66,24.3,24.2,122.0,20.7,27.0,48.5,8.0,4.0,0.0,0.0,ok
2024-01-11,Tomato,1,T26_N2P2K1,25.0,35.0,71.0,6.34,17.7,23.6,360.0,19.7,27.2,54.2,,,,,ok
2024-01-11,Tomato,3,T21_N2P0K2,23.0,32.0,65.0,6.01,20.7,20.8,332.0,11.6,21.9,67.6,15.0,29.0,0.0,0.0,ok
2024-01-11,Tomato,4,T10_N1P0K0,30.0,41.0,84.0,6.47,16.3,23.2,421.0,21.7,27.1,48.5,,,,,ok
2024-01-11,Tomato,6,T7_N0P2K0,11.0,16.0,33.0,6.55,19.4,22.8,164.0,13.5,27.1,50.5,,,,,ok
2024-01-11,Tomato,7,T16_N1P2K0,21.0,30.0,60.0,6.57,19.9,22.2,298.0,37.0,27.2,52.2,,,,,ok
2024-01-11,Tomato,19,T15_N1P1K2,45.0,63.0,127.0,6.39,15.7,20.0,636.0,12.4,22.2,66.5,20.0,32.0,0.0,0.0,ok
2024-01-11,Tomato,22,T3_N0P0K2,45.0,64.0,128.0,6.22,23.4,20.0,642.0,13.7,22.4,64.2,15.0,36.0,0.0,0.0,ok
2024-01-11,Tomato,38,T7_N0P2K0,31.0,43.0,87.0,5.39,23.1,20.0,435.0,20.0,22.4,68.3,13.0,36.0,0.0,0.0,ok
2024-01-11,Tomato,40,T10_N1P0K0,29.0,41.0,82.0,5.71,22.7,20.0,415.0,20.3,22.5,69.2,10.0,36.0,0.0,0.0,ok
2024-01-11,Tomato,43,T2_N0P0K1,45.0,63.0,127.0,6.14,20.2,20.4,636.0,16.2,22.6,67.0,23.0,43.0,0.0,0.0,ok
2024-01-11,Tomato,46,T6_N0P1K2,45.0,63.0,127.0,6.1,24.4,20.4,634.0,19.5,22.7,64.4,21.0,40.0,0.0,0.0,ok
2024-01-11,Tomato,49,T24_N2P1K2,45.0,63.0,127.0,6.26,24.2,20.8,639.0,20.0,22.8,67.3,18.0,39.0,0.0,0.0,ok
2024-01-11,Tomato,59,T9_N0P2K2,45.0,63.0,127.0,6.55,25.2,20.8,637.0,20.2,22.7,63.6,11.0,36.0,0.0,0.0,ok
2024-01-11,Tomato,60,T27_N2P2K2,45.0,63.0,127.0,6.53,24.0,20.8,639.0,20.9,22.7,65.1,20.0,38.0,0.0,0.0,ok
2024-01-11,Tomato,62,T21_N2P0K2,45.0,63.0,127.0,6.3,18.6,23.6,635.0,65.9,27.1,54.3,,,,,ok
2024-01-11,Tomato,62,T21_N2P0K2,0.0,0.0,0.0,6.88,0.0,24.0,0.0,27.6,27.0,52.5,,,,,zero_sensor_value
2024-01-11,Tomato,63,T26_N2P2K1,45.0,63.0,127.0,6.33,22.6,20.8,635.0,21.0,22.8,65.5,12.0,27.0,0.0,0.0,ok
2024-01-11,Tomato,70,T22_N2P1K0,6.0,9.0,18.0,6.09,25.5,20.8,93.0,22.9,23.1,63.3,10.0,37.0,0.0,0.0,ok
2024-01-11,Tomato,72,T17_N1P2K1,28.0,39.0,79.0,6.08,18.2,20.8,395.0,22.8,23.0,64.9,12.0,42.0,0.0,0.0,ok
2024-01-11,Tomato,75,T4_N0P1K0,18.0,26.0,52.0,6.14,25.5,20.8,262.0,22.5,22.9,64.3,13.0,39.0,0.0,0.0,ok
2024-01-11,Tomato,81,T12_N1P0K2,27.0,38.0,77.0,6.05,23.2,20.4,388.0,21.9,22.9,68.2,14.0,33.0,0.0,0.0,ok
2024-01-11,Tomato,92,T5_N0P1K1,32.0,45.0,91.0,6.33,21.6,20.4,457.0,26.0,23.2,61.6,15.0,44.0,0.0,0.0,ok
2024-01-11,Tomato,93,T11_N1P0K1,45.0,64.0,128.0,6.36,23.1,20.4,639.0,26.7,23.2,64.1,6.0,39.0,0.0,0.0,ok
2024-01-11,Tomato,100,T1_N0P0K0,17.0,24.0,48.0,6.49,23.4,20.4,243.0,39.2,23.3,62.1,13.0,33.0,0.0,0.0,ok
2024-01-11,Tomato,109,T8_N0P2K1,25.0,35.0,71.0,6.54,22.7,21.6,354.0,26.4,26.5,59.5,16.0,39.0,0.0,0.0,ok
2024-01-11,Tomato,112,T25_N2P2K0,29.0,41.0,82.0,6.38,27.9,21.6,409.0,23.2,26.3,61.9,11.0,35.0,0.0,0.0,ok
2024-01-11,Tomato,114,T23_N2P1K1,31.0,44.0,89.0,6.23,23.7,21.6,446.0,56.4,26.0,59.4,26.0,38.0,0.0,0.0,ok
2024-01-11,Tomato,120,T18_N1P2K2,34.0,63.0,95.0,6.18,15.9,21.6,477.0,34.0,25.6,56.9,18.0,36.0,0.0,0.0,ok
2024-01-11,Tomato,122,T14_N1P1K1,30.0,42.0,85.0,6.28,22.9,20.8,425.0,58.0,24.6,73.5,17.0,33.0,0.0,0.0,ok
2024-01-11,Tomato,123,T13_N1P1K0,24.0,34.0,69.0,6.33,18.6,20.8,346.0,67.0,23.9,62.3,17.0,39.0,0.0,0.0,ok
2024-01-11,Tomato,125,T16_N1P2K0,25.0,35.0,72.0,6.5,22.0,20.8,362.0,31.9,23.5,62.7,15.0,32.0,0.0,0.0,ok
2024-01-11,Tomato,127,T20_N2P0K1,26.0,37.0,74.0,6.34,28.0,21.6,372.0,20.7,26.8,52.6,20.0,38.0,0.0,0.0,ok
2024-01-11,Tomato,133,T19_N2P0K0,21.0,29.0,59.0,6.21,24.9,21.6,295.0,52.0,27.0,54.0,16.0,32.0,0.0,0.0,ok
2024-01-18,Tomato,1,T26_N2P2K1,32.0,45.0,90.0,6.25,38.2,28.7,453.0,39.3,24.9,45.3,13.0,45.0,1.0,154.0,ok
2024-01-18,Tomato,7,T16_N1P2K0,13.0,19.0,37.0,6.32,32.5,23.8,190.0,45.1,25.1,47.1,10.0,43.0,0.0,0.0,ok
2024-01-18,Tomato,16,T3_N0P0K2,20.0,28.0,56.0,6.37,27.2,23.0,282.0,37.5,25.5,47.9,15.0,39.0,0.0,0.0,ok
2024-01-18,Tomato,17,T20_N2P0K1,31.0,44.0,88.0,6.25,32.3,22.6,443.0,31.2,25.9,47.5,23.0,41.0,3.0,322.0,ok
2024-01-18,Tomato,18,T8_N0P2K1,21.0,30.0,61.0,6.3,30.1,21.8,307.0,40.8,26.2,45.8,8.0,42.0,3.0,509.0,ok
2024-01-18,Tomato,19,T15_N1P1K2,22.0,31.0,63.0,6.4,26.2,22.2,310.0,39.9,26.6,43.9,22.0,34.0,0.0,0.0,ok
2024-01-18,Tomato,26,T25_N2P2K0,16.0,22.0,45.0,6.37,33.6,23.4,224.0,51.1,26.7,46.1,9.0,34.0,1.0,158.0,ok
2024-01-18,Tomato,30,T2_N0P0K1,22.0,30.0,62.0,6.37,37.2,23.0,310.0,47.5,27.0,48.9,14.0,39.0,0.0,0.0,ok
2024-01-18,Tomato,37,T23_N2P1K1,19.0,27.0,54.0,6.34,36.6,22.2,270.0,47.0,27.5,42.9,8.0,37.0,2.0,402.0,ok
2024-01-18,Tomato,40,T10_N1P0K0,26.0,36.0,72.0,6.36,33.8,22.2,362.0,49.3,27.6,43.1,10.0,37.0,7.0,1119.0,ok
2024-01-18,Tomato,45,T22_N2P1K0,19.0,27.0,54.0,6.46,33.3,24.2,275.0,53.2,28.3,38.6,5.0,32.0,0.0,0.0,ok
2024-01-18,Tomato,56,T12_N1P0K2,27.0,38.0,77.0,6.58,28.2,25.4,380.0,61.9,28.4,40.8,19.0,31.0,1.0,190.0,ok
2024-01-18,Tomato,57,T5_N0P1K1,18.0,26.0,53.0,6.28,35.6,24.6,267.0,56.9,28.4,41.6,15.0,41.0,4.0,524.0,ok
2024-01-18,Tomato,60,T27_N2P2K2,23.0,32.0,65.0,6.23,33.4,23.0,328.0,51.5,28.1,40.4,26.0,36.0,3.0,552.0,ok
2024-01-18,Tomato,62,T21_N2P0K2,21.0,29.0,60.0,6.35,36.3,22.2,295.0,41.3,27.8,42.6,15.0,40.0,1.0,206.0,ok
2024-01-18,Tomato,75,T4_N0P1K0,10.0,15.0,29.0,6.27,26.8,24.6,148.0,51.5,28.4,44.3,15.0,35.0,1.0,179.0,ok
2024-01-18,Tomato,79,T7_N0P2K0,23.0,32.0,65.0,6.27,32.0,24.0,329.0,46.0,28.7,39.6,14.0,35.0,0.0,0.0,ok
2024-01-18,Tomato,88,T1_N0P0K0,18.0,25.0,50.0,6.18,36.8,22.2,255.0,63.1,27.6,44.6,14.0,33.0,0.0,0.0,ok
2024-01-18,Tomato,94,T17_N1P2K1,21.0,30.0,60.0,6.55,37.2,22.2,305.0,63.8,28.0,38.0,8.0,37.0,0.0,0.0,ok
2024-01-18,Tomato,96,T6_N0P1K2,24.0,34.0,69.0,6.43,32.5,22.2,349.0,63.4,28.2,38.4,15.0,30.0,0.0,0.0,ok
2024-01-18,Tomato,99,T18_N1P2K2,26.0,36.0,73.0,6.31,32.5,22.2,369.0,63.1,28.5,37.9,18.0,39.0,0.0,0.0,ok
2024-01-18,Tomato,102,T24_N2P1K2,20.0,28.0,58.0,6.51,35.4,23.0,293.0,33.2,28.9,35.3,10.0,44.0,3.0,379.0,ok
2024-01-18,Tomato,107,T9_N0P2K2,22.0,31.0,62.0,6.34,35.1,22.2,314.0,54.2,27.7,47.5,15.0,42.0,0.0,0.0,ok
2024-01-18,Tomato,113,T11_N1P0K1,17.0,24.0,50.0,6.42,36.4,22.2,250.0,58.7,27.8,38.9,19.0,35.0,0.0,0.0,ok
2024-01-18,Tomato,119,T14_N1P1K1,12.0,17.0,35.0,7.62,32.7,22.6,177.0,67.0,27.2,40.8,15.0,36.0,0.0,0.0,ok
2024-01-18,Tomato,123,T13_N1P1K0,18.0,26.0,52.0,6.64,26.3,23.0,263.0,64.8,27.2,40.8,15.0,41.0,1.0,218.0,ok
2024-01-18,Tomato,133,T19_N2P0K0,17.0,23.0,47.0,6.23,33.8,22.2,237.0,59.0,27.9,39.5,18.0,38.0,0.0,0.0,ok
2024-01-25,Tomato,12,T4_N0P1K0,32.0,45.0,90.0,6.2,23.0,25.0,456.0,45.8,26.4,53.8,18.0,37.0,3.0,333.0,ok
2024-01-25,Tomato,12,T4_N0P1K0,32.0,45.0,90.0,6.2,23.0,25.0,456.0,45.8,26.4,53.8,18.0,37.0,3.0,333.0,ok
2024-01-25,Tomato,13,T7_N0P2K0,23.0,33.0,66.0,6.4,28.1,21.9,332.0,49.9,27.1,51.1,10.0,39.0,3.0,353.0,ok
2024-01-25,Tomato,13,T7_N0P2K0,23.0,33.0,66.0,6.4,28.1,21.9,332.0,49.9,27.1,51.1,10.0,39.0,3.0,353.0,ok
2024-01-25,Tomato,14,T18_N1P2K2,18.0,25.0,51.0,6.49,24.7,20.0,260.0,27.0,27.7,49.1,7.0,24.0,1.0,142.0,ok
2024-01-25,Tomato,14,T18_N1P2K2,18.0,25.0,51.0,6.49,24.7,20.0,260.0,27.0,27.7,49.1,7.0,24.0,1.0,142.0,ok
2024-01-25,Tomato,21,T25_N2P2K0,9.0,13.0,27.0,6.63,20.3,22.8,138.0,28.3,27.9,49.6,8.0,31.0,4.0,697.0,ok
2024-01-25,Tomato,21,T25_N2P2K0,9.0,13.0,27.0,6.63,20.3,22.8,138.0,28.3,27.9,49.6,8.0,31.0,4.0,697.0,ok
2024-01-25,Tomato,22,T3_N0P0K2,12.0,17.0,34.0,6.55,23.1,22.8,172.0,26.2,29.0,46.9,18.0,39.0,4.0,600.0,ok
2024-01-25,Tomato,22,T3_N0P0K2,12.0,17.0,34.0,6.55,23.1,22.8,172.0,26.2,29.0,46.9,18.0,39.0,4.0,600.0,ok
2024-01-25,Tomato,32,T20_N2P0K1,10.0,15.0,30.0,6.6,23.9,24.9,152.0,36.8,29.1,44.7,6.0,39.0,7.0,931.0,ok
2024-01-25,Tomato,34,T26_N2P2K1,13.0,18.0,36.0,6.36,23.5,28.2,182.0,38.0,29.1,45.1,14.0,40.0,3.0,440.0,ok
2024-01-25,Tomato,34,T26_N2P2K1,13.0,18.0,36.0,6.36,23.5,28.2,182.0,38.0,29.1,45.1,14.0,40.0,3.0,440.0,ok
2024-01-25,Tomato,36,T23_N2P1K1,0.0,0.0,0.0,7.0,0.0,29.6,0.0,35.2,29.1,51.0,13.0,38.0,6.0,1036.0,zero_sensor_value
2024-01-25,Tomato,36,T23_N2P1K1,0.0,0.0,0.0,7.0,0.0,29.6,0.0,35.2,29.1,51.0,13.0,38.0,6.0,1036.0,zero_sensor_value
2024-01-25,Tomato,41,T9_N0P2K2,7.0,11.0,22.0,6.56,23.4,22.4,111.0,37.9,28.4,49.4,7.0,39.0,5.0,675.0,ok
2024-01-25,Tomato,41,T9_N0P2K2,7.0,11.0,22.0,6.56,23.4,22.4,111.0,37.9,28.4,49.4,7.0,39.0,5.0,675.0,ok
2024-01-25,Tomato,44,T19_N2P0K0,9.0,13.0,27.0,6.52,20.7,24.0,136.0,40.2,29.2,46.3,22.0,40.0,3.0,476.0,ok
2024-01-25,Tomato,44,T19_N2P0K0,9.0,13.0,27.0,6.52,20.7,24.0,136.0,40.2,29.2,46.3,22.0,40.0,3.0,476.0,ok
2024-01-25,Tomato,46,T6_N0P1K2,12.0,17.0,35.0,6.47,19.4,25.6,178.0,44.2,29.4,46.9,22.0,36.0,6.0,918.0,ok
2024-01-25,Tomato,46,T6_N0P1K2,12.0,17.0,35.0,6.47,19.4,25.6,178.0,44.2,29.4,46.9,22.0,36.0,6.0,918.0,ok
2024-01-25,Tomato,47,T1_N0P0K0,19.0,26.0,53.0,6.84,15.2,25.6,270.0,41.7,29.6,47.0,10.0,44.0,5.0,732.0,ok
2024-01-25,Tomato,49,T24_N2P1K2,45.0,63.0,126.0,6.54,19.4,26.0,635.0,11.3,29.5,44.1,10.0,40.0,5.0,707.0,ok
2024-01-25,Tomato,49,T24_N2P1K2,45.0,63.0,126.0,6.54,19.4,26.0,635.0,11.3,29.5,44.1,10.0,40.0,5.0,707.0,ok
2024-01-25,Tomato,50,T10_N1P0K0,28.0,39.0,80.0,6.58,17.3,25.0,399.0,52.2,29.6,44.0,16.0,43.0,3.0,365.0,ok
2024-01-25,Tomato,50,T10_N1P0K0,28.0,39.0,80.0,6.58,17.3,25.0,399.0,52.2,29.6,44.0,16.0,43.0,3.0,365.0,ok
2024-01-25,Tomato,69,T22_N2P1K0,3.0,4.0,9.0,6.64,22.0,24.8,44.0,43.5,30.0,46.7,11.0,40.0,6.0,883.0,ok
2024-01-25,Tomato,69,T22_N2P1K0,3.0,4.0,9.0,6.64,22.0,24.8,44.0,43.5,30.0,46.7,11.0,40.0,6.0,883.0,ok
2024-01-25,Tomato,74,T15_N1P1K2,14.0,20.0,39.0,6.36,20.2,24.7,199.0,47.8,29.9,44.4,10.0,42.0,7.0,789.0,ok
2024-01-25,Tomato,74,T15_N1P1K2,14.0,20.0,39.0,6.36,20.2,24.7,199.0,47.8,29.9,44.4,10.0,42.0,7.0,789.0,ok
2024-01-25,Tomato,77,T11_N1P0K1,45.0,63.0,127.0,6.3,44.7,25.2,636.0,45.0,29.8,44.5,20.0,37.0,3.0,410.0,ok
2024-01-25,Tomato,77,T11_N1P0K1,45.0,63.0,127.0,6.3,44.7,25.2,636.0,45.0,29.8,44.5,20.0,37.0,3.0,410.0,ok
2024-01-25,Tomato,85,T17_N1P2K1,10.0,14.0,29.0,6.7,20.4,25.2,148.0,21.6,30.0,42.3,15.0,41.0,1.0,140.0,ok
2024-01-25,Tomato,85,T17_N1P2K1,10.0,14.0,29.0,6.7,20.4,25.2,148.0,21.6,30.0,42.3,15.0,41.0,1.0,140.0,ok
2024-01-25,Tomato,86,T2_N0P0K1,3.0,4.0,8.0,6.61,25.2,24.0,40.0,17.4,29.8,43.9,24.0,37.0,0.0,0.0,ok
2024-01-25,Tomato,86,T2_N0P0K1,3.0,4.0,8.0,6.61,25.2,24.0,40.0,17.4,29.8,43.9,24.0,37.0,0.0,0.0,ok
2024-01-25,Tomato,87,T5_N0P1K1,13.0,18.0,37.0,6.34,23.0,22.4,183.0,51.8,29.7,42.8,19.0,36.0,2.0,459.0,ok
2024-01-25,Tomato,87,T5_N0P1K1,13.0,18.0,37.0,6.34,23.0,22.4,183.0,51.8,29.7,42.8,19.0,36.0,2.0,459.0,ok
2024-01-25,Tomato,97,T27_N2P2K2,9.0,13.0,26.0,6.37,21.0,23.6,129.0,44.8,29.6,42.7,16.0,36.0,5.0,791.0,ok
2024-01-25,Tomato,97,T27_N2P2K2,9.0,13.0,26.0,6.37,21.0,23.6,129.0,44.8,29.6,42.7,16.0,36.0,5.0,791.0,ok
2024-01-25,Tomato,106,T21_N2P0K2,30.0,42.0,84.0,6.38,22.4,24.4,420.0,22.5,29.1,44.7,13.0,37.0,6.0,942.0,ok
2024-01-25,Tomato,106,T21_N2P0K2,30.0,42.0,84.0,6.38,22.4,24.4,420.0,22.5,29.1,44.7,13.0,37.0,6.0,942.0,ok
2024-01-25,Tomato,109,T8_N0P2K1,6.0,9.0,18.0,7.0,24.3,24.0,91.0,41.5,29.3,43.3,18.0,40.0,3.0,328.0,ok
2024-01-25,Tomato,109,T8_N0P2K1,6.0,9.0,18.0,7.0,24.3,24.0,91.0,41.5,29.3,43.3,18.0,40.0,3.0,328.0,ok
2024-01-25,Tomato,117,T12_N1P0K2,30.0,43.0,86.0,6.38,19.2,24.0,434.0,45.6,29.3,44.6,12.0,41.0,17.0,1199.0,ok
2024-01-25,Tomato,117,T12_N1P0K2,30.0,43.0,86.0,6.38,19.2,24.0,434.0,45.6,29.3,44.6,12.0,41.0,17.0,1199.0,ok
2024-01-25,Tomato,121,T16_N1P2K0,10.0,15.0,29.0,6.54,17.9,24.8,150.0,48.9,29.5,44.9,20.0,33.0,0.0,0.0,ok
2024-01-25,Tomato,121,T16_N1P2K0,10.0,15.0,29.0,6.54,17.9,24.8,150.0,48.9,29.5,44.9,20.0,33.0,0.0,0.0,ok
2024-01-25,Tomato,129,T14_N1P1K1,10.0,14.0,29.0,6.49,23.0,26.4,146.0,56.9,28.3,43.3,20.0,35.0,3.0,543.0,ok
2024-01-25,Tomato,129,T14_N1P1K1,10.0,14.0,29.0,6.49,23.0,26.4,146.0,56.9,28.3,43.3,20.0,35.0,3.0,543.0,ok
2024-01-25,Tomato,130,T13_N1P1K0,4.0,6.0,12.0,6.55,21.7,26.8,63.0,57.4,27.7,43.7,9.0,37.0,3.0,383.0,ok
2024-01-25,Tomato,130,T13_N1P1K0,4.0,6.0,12.0,6.55,21.7,26.8,63.0,57.4,27.7,43.7,9.0,37.0,3.0,383.0,ok
2024-02-01,Tomato,8,T6_N0P1K2,33.0,46.0,92.0,6.29,20.7,21.1,463.0,23.1,23.7,68.9,14.0,40.0,8.0,1008.0,ok
2024-02-01,Tomato,9,T14_N1P1K1,10.0,14.0,28.0,6.59,18.9,21.1,144.0,19.7,23.8,70.5,3.0,50.0,11.0,1107.0,ok
2024-02-01,Tomato,15,T13_N1P1K0,45.0,64.0,128.0,6.44,21.6,20.4,641.0,1.9,24.3,69.0,9.0,40.0,12.0,1381.0,ok
2024-02-01,Tomato,24,T12_N1P0K2,14.0,20.0,41.0,6.4,21.2,21.2,208.0,22.4,25.8,58.1,7.0,33.0,8.0,965.0,ok
2024-02-01,Tomato,27,T16_N1P2K0,19.0,27.0,55.0,6.18,18.0,21.2,275.0,36.1,25.6,62.7,15.0,30.0,8.0,1074.0,ok
2024-02-01,Tomato,29,T1_N0P0K0,45.0,64.0,128.0,6.65,16.8,21.6,641.0,40.8,24.8,64.8,9.0,36.0,7.0,992.0,ok
2024-02-01,Tomato,38,T7_N0P2K0,26.0,36.0,73.0,6.42,19.1,21.6,367.0,31.4,24.4,69.1,17.0,36.0,2.0,235.0,ok
2024-02-01,Tomato,43,T2_N0P0K1,65.0,95.0,193.0,6.33,16.8,20.7,923.0,23.1,25.6,58.6,13.0,54.0,7.0,813.0,ok
2024-02-01,Tomato,48,T18_N1P2K2,19.0,27.0,55.0,6.53,19.2,20.7,277.0,22.0,25.4,60.0,11.0,40.0,8.0,790.0,ok
2024-02-01,Tomato,53,T8_N0P2K1,21.0,30.0,61.0,6.25,19.2,21.8,304.0,28.5,25.0,62.5,17.0,40.0,8.0,1028.0,ok
2024-02-01,Tomato,55,T4_N0P1K0,45.0,64.0,128.0,6.6,17.3,21.8,642.0,36.8,25.2,62.4,8.0,34.0,9.0,1114.0,ok
2024-02-01,Tomato,63,T26_N2P2K1,32.0,46.0,91.0,6.46,19.1,23.0,457.0,64.6,25.5,60.8,11.0,27.0,2.0,289.0,ok
2024-02-01,Tomato,65,T3_N0P0K2,23.0,33.0,66.0,6.48,24.4,22.6,324.0,23.3,26.3,56.4,17.0,32.0,4.0,491.0,ok
2024-02-01,Tomato,70,T22_N2P1K0,16.0,24.0,47.0,6.32,24.0,23.8,237.0,25.6,26.1,59.7,6.0,34.0,5.0,656.0,ok
2024-02-01,Tomato,91,T10_N1P0K0,45.0,63.0,127.0,6.14,19.9,22.2,639.0,12.1,26.1,58.7,12.0,38.0,10.0,949.0,ok
2024-02-01,Tomato,92,T5_N0P1K1,46.0,64.0,128.0,6.69,17.8,22.2,644.0,13.6,25.9,60.0,11.0,39.0,7.0,792.0,ok
2024-02-01,Tomato,93,T11_N1P0K1,45.0,64.0,128.0,6.09,16.0,21.3,643.0,20.8,24.5,63.2,10.0,43.0,6.0,802.0,ok
2024-02-01,Tomato,101,T24_N2P1K2,28.0,40.0,80.0,6.61,19.3,21.7,403.0,27.9,24.0,66.7,14.0,45.0,8.0,906.0,ok
2024-02-01,Tomato,103,T17_N1P2K1,45.0,64.0,128.0,6.36,18.3,21.7,641.0,17.4,23.9,65.3,10.0,34.0,8.0,991.0,ok
2024-02-01,Tomato,108,T9_N0P2K2,46.0,64.0,128.0,6.09,16.4,19.8,644.0,12.2,22.2,71.7,13.0,37.0,0.0,0.0,ok
2024-02-01,Tomato,110,T25_N2P2K0,23.0,32.0,65.0,6.49,16.4,20.6,325.0,13.1,22.3,69.9,21.0,42.0,4.0,568.0,ok
2024-02-01,Tomato,111,T15_N1P1K2,45.0,63.0,127.0,6.1,15.9,20.6,637.0,16.2,22.4,69.5,20.0,53.0,6.0,657.0,ok
2024-02-01,Tomato,114,T23_N2P1K1,30.0,42.0,85.0,6.49,22.8,20.8,424.0,13.5,23.0,67.1,21.0,47.0,3.0,354.0,ok
2024-02-01,Tomato,115,T19_N2P0K0,45.0,64.0,128.0,6.13,18.0,21.2,640.0,11.8,23.3,64.9,8.0,42.0,2.0,184.0,ok
2024-02-01,Tomato,118,T27_N2P2K2,31.0,44.0,89.0,6.39,19.1,21.3,447.0,14.0,23.9,66.5,18.0,38.0,4.0,295.0,ok
2024-02-01,Tomato,127,T20_N2P0K1,14.0,20.0,41.0,6.28,16.9,19.8,208.0,9.6,22.0,69.5,13.0,42.0,3.0,570.0,ok
2024-02-01,Tomato,132,T21_N2P0K2,10.0,14.0,28.0,6.26,18.0,20.2,143.0,9.9,21.5,71.1,32.0,45.0,1.0,112.0,ok
2024-02-09,Tomato,3,T21_N2P0K2,46.0,64.0,129.0,6.29,19.4,20.6,646.0,21.5,20.9,71.8,7.0,36.0,2.0,401.0,ok
2024-02-09,Tomato,4,T10_N1P0K0,21.0,29.0,58.0,6.55,22.9,20.2,295.0,22.4,21.1,71.6,5.0,29.0,4.0,412.0,ok
2024-02-09,Tomato,10,T19_N2P0K0,32.0,45.0,90.0,6.42,20.3,20.2,453.0,24.1,21.4,70.7,10.0,37.0,10.0,1076.0,ok
2024-02-09,Tomato,11,T6_N0P1K2,92.0,133.0,255.0,6.63,25.5,19.8,1344.0,21.5,21.7,72.0,18.0,31.0,5.0,405.0,ok
2024-02-09,Tomato,20,T5_N0P1K1,54.0,76.0,157.0,6.72,19.8,19.8,788.0,20.8,21.8,69.0,13.0,26.0,6.0,546.0,ok
2024-02-09,Tomato,28,T20_N2P0K1,71.0,96.0,205.0,6.42,21.9,20.3,1019.0,27.4,23.8,64.6,8.0,25.0,4.0,501.0,ok
2024-02-09,Tomato,33,T14_N1P1K1,46.0,64.0,128.0,6.59,19.3,20.7,644.0,20.2,23.7,64.7,18.0,30.0,5.0,414.0,ok
2024-02-09,Tomato,39,T25_N2P2K0,45.0,64.0,128.0,6.36,17.9,21.1,643.0,22.3,23.4,68.8,10.0,25.0,5.0,572.0,ok
2024-02-09,Tomato,42,T3_N0P0K2,46.0,64.0,129.0,7.8,23.9,20.3,646.0,31.8,22.9,69.1,10.0,26.0,7.0,1156.0,ok
2024-02-09,Tomato,51,T4_N0P1K0,68.0,96.0,193.0,6.7,20.5,21.1,974.0,70.4,23.7,63.1,6.0,27.0,4.0,379.0,ok
2024-02-09,Tomato,59,T9_N0P2K2,46.0,64.0,129.0,6.76,22.7,21.7,645.0,54.2,23.9,65.4,8.0,28.0,3.0,426.0,ok
2024-02-09,Tomato,61,T2_N0P0K1,54.0,80.0,161.0,7.0,22.0,21.5,794.0,59.0,24.3,61.8,8.0,28.0,7.0,524.0,ok
2024-02-09,Tomato,64,T11_N1P0K1,45.0,64.0,128.0,6.54,22.8,21.1,640.0,47.4,26.7,54.4,16.0,32.0,10.0,1230.0,ok
2024-02-09,Tomato,66,T8_N0P2K1,45.0,64.0,128.0,6.53,22.9,21.5,640.0,68.2,26.8,53.9,24.0,35.0,5.0,710.0,ok
2024-02-09,Tomato,72,T17_N1P2K1,95.0,131.0,266.0,6.24,20.3,21.9,1359.0,44.4,26.8,54.9,10.0,37.0,5.0,444.0,ok
2024-02-09,Tomato,73,T22_N2P1K0,86.0,119.0,237.0,6.46,24.1,21.9,1262.0,72.8,26.8,55.5,7.0,30.0,6.0,603.0,ok
2024-02-09,Tomato,81,T12_N1P0K2,61.0,82.0,165.0,6.48,17.7,21.9,848.0,76.5,26.2,61.4,5.0,38.0,3.0,378.0,ok
2024-02-09,Tomato,82,T7_N0P2K0,46.0,64.0,129.0,6.67,20.6,21.5,645.0,74.0,25.5,66.5,7.0,22.0,7.0,825.0,ok
2024-02-09,Tomato,83,T13_N1P1K0,46.0,64.0,129.0,6.25,20.4,21.1,645.0,70.6,24.8,63.5,9.0,49.0,5.0,634.0,ok
2024-02-09,Tomato,89,T27_N2P2K2,87.0,121.0,260.0,6.49,21.0,22.3,1224.0,73.2,26.6,53.5,14.0,31.0,5.0,552.0,ok
2024-02-09,Tomato,98,T23_N2P1K1,46.0,64.0,129.0,6.54,16.5,21.9,645.0,78.7,26.5,52.4,13.0,38.0,6.0,481.0,ok
2024-02-09,Tomato,100,T1_N0P0K0,46.0,64.0,129.0,6.59,16.0,21.5,646.0,28.3,26.2,53.6,6.0,35.0,4.0,521.0,ok
2024-02-09,Tomato,120,T18_N1P2K2,21.0,108.0,228.0,6.74,20.2,22.7,1164.0,79.7,25.9,58.1,12.0,41.0,5.0,635.0,ok
2024-02-09,Tomato,125,T16_N1P2K0,45.0,64.0,128.0,6.47,15.0,22.7,642.0,88.6,25.9,54.7,28.0,50.0,4.0,496.0,ok
2024-02-09,Tomato,126,T24_N2P1K2,320.0,405.0,852.0,6.23,60.6,22.7,3783.0,78.7,25.9,55.4,21.0,35.0,4.0,622.0,ok
2024-02-09,Tomato,128,T26_N2P2K1,73.0,102.0,207.0,5.76,15.6,20.3,1038.0,65.0,23.1,60.6,10.0,45.0,6.0,742.0,ok
2024-02-09,Tomato,131,T15_N1P1K2,56.0,79.0,153.0,6.34,21.3,21.9,769.0,67.4,25.3,56.9,20.0,41.0,6.0,736.0,ok
2024-02-23,Tomato,2,T6_N0P1K2,45.0,63.0,127.0,5.81,24.9,23.2,637.0,25.2,28.7,48.9,9.0,35.0,9.0,676.0,ok
2024-02-23,Tomato,5,T18_N1P2K2,29.0,41.0,81.0,5.57,20.4,22.4,410.0,19.7,28.5,42.6,5.0,25.0,12.0,908.0,ok
2024-02-23,Tomato,6,T7_N0P2K0,23.0,32.0,65.0,6.51,18.7,22.0,326.0,21.2,28.2,44.8,5.0,37.0,13.0,1076.0,ok
2024-02-23,Tomato,23,T3_N0P0K2,45.0,63.0,127.0,6.3,28.1,22.8,637.0,65.6,27.6,47.3,3.0,36.0,7.0,684.0,ok
2024-02-23,Tomato,25,T8_N0P2K1,45.0,63.0,127.0,6.22,18.4,22.0,637.0,65.5,27.4,48.3,7.0,32.0,6.0,534.0,ok
2024-02-23,Tomato,31,T15_N1P1K2,45.0,63.0,127.0,6.61,20.6,21.6,472.0,52.0,27.4,46.0,0.0,40.0,14.0,752.0,ok
2024-02-23,Tomato,35,T24_N2P1K2,108.0,157.0,297.0,6.33,24.2,21.8,1520.0,21.7,27.7,44.1,7.0,35.0,6.0,462.0,ok
2024-02-23,Tomato,52,T12_N1P0K2,46.0,64.0,129.0,6.64,20.3,23.6,644.0,19.3,27.7,46.1,7.0,38.0,6.0,590.0,ok
2024-02-23,Tomato,58,T11_N1P0K1,57.0,78.0,164.0,6.19,20.7,22.4,788.0,58.7,27.8,45.4,5.0,27.0,6.0,529.0,ok
2024-02-23,Tomato,64,T11_N1P0K1,121.0,167.0,315.0,6.09,23.5,22.4,1694.0,13.3,27.8,49.7,3.0,25.0,4.0,504.0,ok
2024-02-23,Tomato,67,T17_N1P2K1,55.0,79.0,158.0,6.28,20.1,22.4,788.0,70.6,27.6,46.0,12.0,28.0,7.0,554.0,ok
2024-02-23,Tomato,68,T13_N1P1K0,57.0,82.0,158.0,6.38,20.0,22.2,841.0,74.0,27.4,51.3,7.0,34.0,10.0,948.0,ok
2024-02-23,Tomato,71,T5_N0P1K1,54.0,76.0,153.0,6.23,24.9,21.6,763.0,72.8,27.1,50.1,10.0,25.0,8.0,809.0,ok
2024-02-23,Tomato,76,T23_N2P1K1,45.0,63.0,127.0,6.4,23.8,22.0,637.0,76.8,27.1,48.5,8.0,37.0,11.0,946.0,ok
2024-02-23,Tomato,78,T9_N0P2K2,45.0,64.0,128.0,6.25,19.8,22.0,640.0,20.8,27.2,45.9,12.0,27.0,7.0,615.0,ok
2024-02-23,Tomato,80,T22_N2P1K0,46.0,64.0,128.0,6.74,20.0,22.8,644.0,12.3,27.6,45.8,10.0,34.0,9.0,876.0,ok
2024-02-23,Tomato,84,T1_N0P0K0,45.0,63.0,127.0,5.72,21.9,22.8,637.0,10.8,27.7,46.5,9.0,26.0,4.0,393.0,ok
2024-02-23,Tomato,90,T4_N0P1K0,31.0,43.0,86.0,6.35,21.3,22.0,439.0,32.3,27.7,43.1,10.0,38.0,8.0,702.0,ok
2024-02-23,Tomato,95,T2_N0P0K1,45.0,64.0,128.0,6.53,23.3,22.0,642.0,82.7,27.7,45.9,3.0,25.0,8.0,673.0,ok
2024-02-23,Tomato,104,T10_N1P0K0,46.0,64.0,129.0,6.26,20.4,22.4,644.0,28.2,27.9,49.7,8.0,37.0,10.0,886.0,ok
2024-02-23,Tomato,105,T19_N2P0K0,45.0,63.0,127.0,6.29,20.6,23.2,637.0,21.5,27.9,43.0,10.0,37.0,6.0,614.0,ok
2024-02-23,Tomato,112,T25_N2P2K0,33.0,46.0,92.0,6.1,22.0,22.8,463.0,68.2,30.2,37.6,12.0,45.0,13.0,1645.0,ok
2024-02-23,Tomato,116,T26_N2P2K1,189.0,257.0,531.0,5.96,25.7,22.8,2704.0,87.2,29.2,44.2,7.0,32.0,7.0,446.0,ok
2024-02-23,Tomato,122,T14_N1P1K1,26.0,37.0,75.0,6.17,19.6,22.8,378.0,85.4,28.5,43.5,5.0,45.0,10.0,851.0,ok
2024-02-23,Tomato,124,T21_N2P0K2,45.0,63.0,127.0,6.16,19.2,22.4,636.0,87.6,28.1,47.4,7.0,42.0,4.0,365.0,ok
2024-02-23,Tomato,134,T16_N1P2K0,45.0,63.0,127.0,6.38,19.3,23.6,637.0,47.6,28.3,38.3,12.0,39.0,10.0,919.0,ok
2024-02-23,Tomato,135,T20_N2P0K1,45.0,63.0,126.0,6.29,20.3,25.2,634.0,82.7,26.4,42.3,6.0,37.0,13.0,1005.0,ok
2024-03-01,Tomato,3,T21_N2P0K2,46.0,64.0,129.0,5.0,21.8,21.0,645.0,21.9,23.7,54.3,5.0,35.0,5.0,404.0,ok
2024-03-01,Tomato,19,T15_N1P1K2,17.0,24.0,48.0,6.3,3.5,21.4,244.0,22.2,23.9,59.8,5.0,31.0,3.0,236.0,ok
2024-03-01,Tomato,22,T3_N0P0K2,27.0,39.0,78.0,6.35,20.0,21.4,391.0,21.9,24.0,55.9,9.0,31.0,7.0,566.0,ok
2024-03-01,Tomato,38,T7_N0P2K0,3.0,4.0,9.0,6.12,8.8,22.4,46.0,27.2,24.3,58.9,8.0,38.0,6.0,530.0,ok
2024-03-01,Tomato,40,T10_N1P0K0,22.0,30.0,62.0,6.26,11.5,22.8,310.0,25.0,24.4,52.4,14.0,21.0,3.0,309.0,ok
2024-03-01,Tomato,43,T2_N0P0K1,7.0,9.0,19.0,6.2,16.4,22.0,99.0,20.6,24.6,51.3,7.0,37.0,3.0,296.0,ok
2024-03-01,Tomato,46,T6_N0P1K2,23.0,32.0,63.0,6.15,11.7,22.0,320.0,25.2,24.8,53.1,8.0,29.0,2.0,111.0,ok
2024-03-01,Tomato,49,T24_N2P1K2,19.0,27.0,55.0,6.19,8.1,22.4,274.0,26.9,24.9,54.0,11.0,23.0,2.0,159.0,ok
2024-03-01,Tomato,59,T9_N0P2K2,45.0,63.0,127.0,5.92,17.1,22.7,638.0,26.0,24.9,52.3,10.0,21.0,4.0,376.0,ok
2024-03-01,Tomato,60,T27_N2P2K2,45.0,63.0,127.0,6.02,9.7,23.6,635.0,25.0,24.8,55.4,11.0,30.0,5.0,400.0,ok
2024-03-01,Tomato,62,T21_N2P0K2,5.0,7.0,15.0,6.26,5.6,24.4,80.0,24.5,24.7,57.4,6.0,23.0,3.0,220.0,ok
2024-03-01,Tomato,70,T22_N2P1K0,2.0,3.0,6.0,6.32,14.0,22.0,33.0,24.2,24.4,53.7,16.0,15.0,2.0,171.0,ok
2024-03-01,Tomato,72,T17_N1P2K1,5.0,7.0,14.0,6.07,10.5,22.4,71.0,22.9,24.3,53.7,12.0,25.0,5.0,370.0,ok
2024-03-01,Tomato,75,T4_N0P1K0,7.0,9.0,19.0,6.3,18.4,22.4,98.0,22.9,24.2,54.1,11.0,28.0,2.0,181.0,ok
2024-03-01,Tomato,81,T12_N1P0K2,1.0,2.0,5.0,6.44,0.0,22.4,27.0,26.7,24.2,60.0,6.0,24.0,2.0,207.0,zero_sensor_value
2024-03-01,Tomato,92,T5_N0P1K1,5.0,7.0,14.0,5.92,21.0,21.6,75.0,22.6,23.9,52.6,10.0,27.0,3.0,270.0,ok
2024-03-01,Tomato,93,T11_N1P0K1,10.0,15.0,29.0,6.09,9.4,22.0,150.0,23.1,24.1,56.1,14.0,28.0,5.0,338.0,ok
2024-03-01,Tomato,100,T1_N0P0K0,28.0,39.0,78.0,6.32,11.4,22.4,394.0,23.2,24.3,52.6,10.0,23.0,4.0,340.0,ok
2024-03-01,Tomato,109,T8_N0P2K1,1.0,2.0,5.0,6.7,20.2,21.2,27.0,22.4,23.6,55.8,15.0,36.0,3.0,296.0,ok
2024-03-01,Tomato,112,T25_N2P2K0,45.0,64.0,128.0,6.3,14.0,20.4,641.0,22.5,23.6,55.9,10.0,39.0,3.0,348.0,ok
2024-03-01,Tomato,114,T23_N2P1K1,46.0,64.0,128.0,6.31,13.9,20.8,644.0,24.0,23.6,54.4,10.0,41.0,6.0,478.0,ok
2024-03-01,Tomato,120,T18_N1P2K2,18.0,26.0,52.0,6.2,15.6,20.8,262.0,26.3,23.5,54.7,10.0,29.0,3.0,220.0,ok
2024-03-01,Tomato,122,T14_N1P1K1,45.0,64.0,128.0,6.13,9.2,21.2,641.0,30.8,23.5,59.5,4.0,39.0,4.0,314.0,ok
2024-03-01,Tomato,123,T13_N1P1K0,45.0,64.0,128.0,6.22,12.8,21.2,642.0,24.2,23.6,63.3,17.0,27.0,6.0,437.0,ok
2024-03-01,Tomato,125,T16_N1P2K0,20.0,29.0,57.0,6.14,6.3,22.4,290.0,22.7,23.8,56.4,10.0,40.0,2.0,236.0,ok
2024-03-01,Tomato,127,T20_N2P0K1,17.0,25.0,50.0,6.17,10.6,22.8,254.0,23.2,22.7,57.4,16.0,26.0,3.0,329.0,ok
2024-03-01,Tomato,133,T19_N2P0K0,15.0,21.0,42.0,6.08,13.2,22.4,213.0,33.5,23.6,52.9,14.0,43.0,6.0,537.0,ok
2024-03-08,Tomato,1,T26_N2P2K1,45.0,63.0,127.0,5.62,20.9,22.5,636.0,21.5,25.7,55.5,12.0,38.0,13.0,582.0,ok
2024-03-08,Tomato,7,T16_N1P2K0,45.0,63.0,127.0,6.05,20.6,22.1,639.0,52.9,26.1,62.0,10.0,22.0,6.0,180.0,ok
2024-03-08,Tomato,16,T3_N0P0K2,46.0,64.0,129.0,6.14,22.8,22.5,646.0,48.1,26.4,61.3,16.0,25.0,4.0,285.0,ok
2024-03-08,Tomato,17,T20_N2P0K1,65.0,94.0,193.0,6.21,14.7,22.5,948.0,49.4,26.6,60.0,14.0,29.0,1.0,69.0,ok
2024-03-08,Tomato,18,T8_N0P2K1,46.0,64.0,128.0,6.19,19.4,22.1,644.0,48.9,27.2,51.3,20.0,20.0,2.0,154.0,ok
2024-03-08,Tomato,19,T15_N1P1K2,45.0,63.0,127.0,6.56,20.3,22.1,637.0,48.6,27.3,54.6,6.0,32.0,2.0,171.0,ok
2024-03-08,Tomato,26,T25_N2P2K0,46.0,64.0,129.0,6.54,18.5,23.0,646.0,62.2,28.8,55.7,6.0,14.0,4.0,267.0,ok
2024-03-08,Tomato,30,T2_N0P0K1,33.0,46.0,92.0,6.55,20.4,22.8,460.0,61.5,28.4,53.9,10.0,26.0,2.0,147.0,ok
2024-03-08,Tomato,37,T23_N2P1K1,141.0,213.0,419.0,6.24,22.3,22.9,2162.0,45.2,28.1,56.7,12.0,18.0,2.0,121.0,ok
2024-03-08,Tomato,40,T10_N1P0K0,72.0,102.0,202.0,6.38,29.3,23.7,1010.0,24.0,27.7,59.1,14.0,18.0,4.0,279.0,ok
2024-03-08,Tomato,45,T22_N2P1K0,32.0,45.0,90.0,6.61,19.8,23.8,450.0,58.3,29.3,52.9,14.0,16.0,1.0,53.0,ok
2024-03-08,Tomato,56,T12_N1P0K2,88.0,117.0,249.0,6.59,23.7,23.8,1236.0,51.2,29.3,46.9,12.0,22.0,0.0,0.0,ok
2024-03-08,Tomato,57,T5_N0P1K1,45.0,64.0,128.0,6.65,21.5,24.6,642.0,47.0,29.4,46.4,9.0,15.0,0.0,0.0,ok
2024-03-08,Tomato,60,T27_N2P2K2,145.0,201.0,432.0,6.38,31.9,25.0,2130.0,59.0,29.4,49.1,8.0,30.0,0.0,0.0,ok
2024-03-08,Tomato,62,T21_N2P0K2,46.0,64.0,155.0,6.52,17.8,24.6,646.0,56.8,29.8,50.2,8.0,20.0,1.0,69.0,ok
2024-03-08,Tomato,75,T4_N0P1K0,68.0,99.0,200.0,6.17,21.4,23.8,1010.0,62.2,30.4,42.5,8.0,30.0,2.0,197.0,ok
2024-03-08,Tomato,79,T7_N0P2K0,65.0,91.0,180.0,6.11,21.2,23.4,916.0,58.2,30.1,48.6,6.0,27.0,2.0,117.0,ok
2024-03-08,Tomato,88,T1_N0P0K0,56.0,82.0,164.0,6.04,21.6,23.8,821.0,63.7,30.0,41.4,16.0,30.0,4.0,327.0,ok
2024-03-08,Tomato,94,T17_N1P2K1,87.0,122.0,237.0,6.44,28.0,23.4,1212.0,66.7,29.6,42.1,22.0,15.0,4.0,440.0,ok
2024-03-08,Tomato,96,T6_N0P1K2,65.0,94.0,189.0,6.61,19.9,23.4,957.0,65.9,29.4,43.3,17.0,16.0,1.0,78.0,ok
2024-03-08,Tomato,99,T18_N1P2K2,118.0,159.0,330.0,6.07,24.9,24.2,1737.0,67.8,29.1,45.0,20.0,24.0,3.0,163.0,ok
2024-03-08,Tomato,102,T24_N2P1K2,152.0,195.0,419.0,5.6,27.4,22.2,2162.0,41.2,28.9,41.1,17.0,12.0,1.0,154.0,ok
2024-03-08,Tomato,107,T9_N0P2K2,46.0,64.0,128.0,6.82,18.0,23.4,644.0,57.4,29.0,40.7,16.0,22.0,2.0,125.0,ok
2024-03-08,Tomato,113,T11_N1P0K1,25.0,35.0,70.0,7.68,17.0,22.6,350.0,60.6,29.1,42.9,20.0,25.0,1.0,30.0,ok
2024-03-08,Tomato,119,T14_N1P1K1,33.0,46.0,93.0,9.0,12.7,23.4,467.0,60.9,29.1,40.7,12.0,29.0,5.0,395.0,ok
2024-03-08,Tomato,123,T13_N1P1K0,56.0,80.0,160.0,5.99,18.4,22.6,788.0,60.7,29.3,42.1,16.0,22.0,1.0,66.0,ok
2024-03-08,Tomato,133,T19_N2P0K0,45.0,64.0,128.0,6.48,20.7,24.6,642.0,45.9,28.7,41.2,16.0,38.0,11.0,760.0,ok
2024-03-15,Tomato,12,T4_N0P1K0,7.0,10.0,21.0,6.12,6.1,26.9,106.0,26.8,42.7,1.0,12.0,39.0,3.0,193.0,very_low_air_humidity
2024-03-15,Tomato,13,T7_N0P2K0,24.0,34.0,67.0,6.41,20.4,25.7,338.0,27.4,38.1,1.0,12.0,32.0,4.0,188.0,very_low_air_humidity
2024-03-15,Tomato,14,T18_N1P2K2,79.0,109.0,223.0,6.54,18.2,24.1,1087.0,27.8,41.5,1.0,5.0,19.0,3.0,374.0,very_low_air_humidity
2024-03-15,Tomato,21,T25_N2P2K0,29.0,41.0,82.0,6.45,11.5,24.9,414.0,28.4,41.1,1.0,5.0,18.0,7.0,498.0,very_low_air_humidity
2024-03-15,Tomato,22,T3_N0P0K2,84.0,115.0,235.0,6.16,14.8,24.5,1188.0,29.1,33.3,1.0,14.0,29.0,3.0,190.0,very_low_air_humidity
2024-03-15,Tomato,32,T20_N2P0K1,45.0,64.0,128.0,6.17,13.5,24.5,640.0,29.4,34.9,1.0,12.0,19.0,5.0,270.0,very_low_air_humidity
2024-03-15,Tomato,34,T26_N2P2K1,33.0,46.0,94.0,6.26,12.7,24.1,469.0,29.4,38.4,1.0,12.0,18.0,4.0,253.0,very_low_air_humidity
2024-03-15,Tomato,36,T23_N2P1K1,45.0,47.0,126.0,6.33,12.8,23.7,634.0,29.3,36.0,1.0,14.0,32.0,13.0,548.0,very_low_air_humidity
2024-03-15,Tomato,41,T9_N0P2K2,45.0,63.0,127.0,6.15,17.7,24.9,635.0,29.1,35.9,1.0,15.0,28.0,3.0,230.0,very_low_air_humidity
2024-03-15,Tomato,44,T19_N2P0K0,45.0,63.0,127.0,6.17,17.7,24.9,639.0,28.5,36.3,1.0,15.0,32.0,6.0,562.0,very_low_air_humidity
2024-03-15,Tomato,46,T6_N0P1K2,77.0,107.0,213.0,5.75,18.5,24.5,1067.0,28.4,36.8,1.0,12.0,35.0,2.0,168.0,very_low_air_humidity
2024-03-15,Tomato,47,T1_N0P0K0,45.0,63.0,127.0,6.26,24.9,25.7,637.0,28.4,37.7,1.0,10.0,30.0,10.0,666.0,very_low_air_humidity
2024-03-15,Tomato,49,T24_N2P1K2,45.0,64.0,128.0,5.63,18.3,24.8,641.0,29.0,40.0,1.0,10.0,31.0,4.0,184.0,very_low_air_humidity
2024-03-15,Tomato,50,T10_N1P0K0,34.0,47.0,95.0,6.26,11.7,25.6,473.0,29.1,35.5,1.0,12.0,24.0,8.0,487.0,very_low_air_humidity
2024-03-15,Tomato,69,T22_N2P1K0,147.0,222.0,408.0,6.37,26.6,23.6,2070.0,29.6,36.3,1.0,12.0,28.0,5.0,235.0,very_low_air_humidity
2024-03-15,Tomato,74,T15_N1P1K2,45.0,64.0,128.0,6.19,24.7,23.2,639.0,29.6,36.5,1.0,12.0,32.0,7.0,465.0,very_low_air_humidity
2024-03-15,Tomato,77,T11_N1P0K1,57.0,83.0,165.0,6.14,44.7,24.4,788.0,29.3,38.4,1.0,10.0,37.0,18.0,933.0,very_low_air_humidity
2024-03-15,Tomato,85,T17_N1P2K1,57.0,80.0,162.0,6.37,30.2,23.2,807.0,29.0,35.1,1.0,14.0,31.0,6.0,366.0,very_low_air_humidity
2024-03-15,Tomato,86,T2_N0P0K1,67.0,94.0,183.0,5.96,27.2,22.8,923.0,27.8,37.3,1.0,12.0,29.0,0.0,0.0,very_low_air_humidity
2024-03-15,Tomato,87,T5_N0P1K1,46.0,64.0,129.0,6.3,25.3,23.2,645.0,27.1,39.0,1.0,10.0,30.0,10.0,451.0,very_low_air_humidity
2024-03-15,Tomato,97,T27_N2P2K2,32.0,45.0,90.0,6.61,22.2,24.0,452.0,26.9,39.6,1.0,10.0,19.0,8.0,304.0,very_low_air_humidity
2024-03-15,Tomato,106,T21_N2P0K2,45.0,63.0,126.0,6.25,12.2,23.6,634.0,27.9,36.6,1.0,14.0,38.0,7.0,378.0,very_low_air_humidity
2024-03-15,Tomato,109,T8_N0P2K1,45.0,64.0,128.0,6.41,15.2,23.2,642.0,27.9,37.1,1.0,12.0,35.0,6.0,440.0,very_low_air_humidity
2024-03-15,Tomato,117,T12_N1P0K2,45.0,63.0,127.0,6.58,14.3,23.6,636.0,27.6,38.6,1.0,6.0,20.0,3.0,209.0,very_low_air_humidity
2024-03-15,Tomato,121,T16_N1P2K0,29.0,41.0,84.0,8.27,19.5,24.0,427.0,27.2,41.7,1.0,14.0,42.0,8.0,376.0,very_low_air_humidity
2024-03-15,Tomato,129,T14_N1P1K1,24.0,33.0,67.0,6.18,15.3,23.6,342.0,27.6,36.0,1.0,14.0,34.0,5.0,277.0,very_low_air_humidity
2024-03-15,Tomato,130,T13_N1P1K0,20.0,28.0,57.0,6.48,15.1,23.6,290.0,26.9,37.6,1.0,12.0,30.0,5.0,371.0,very_low_air_humidity
2024-03-22,Tomato,8,T6_N0P1K2,45.0,63.0,126.0,5.67,16.0,24.0,634.0,28.5,24.6,62.3,14.0,40.0,16.0,1143.0,ok
2024-03-22,Tomato,9,T14_N1P1K1,44.0,62.0,124.0,6.04,19.7,23.2,622.0,40.3,25.2,59.2,3.0,50.0,6.0,490.0,ok
2024-03-22,Tomato,15,T13_N1P1K0,56.0,78.0,156.0,6.15,15.5,23.2,783.0,34.8,25.8,58.4,9.0,40.0,9.0,649.0,ok
2024-03-22,Tomato,24,T12_N1P0K2,64.0,90.0,180.0,6.3,20.9,23.6,900.0,19.5,27.8,48.9,7.0,33.0,7.0,422.0,ok
2024-03-22,Tomato,27,T16_N1P2K0,44.0,62.0,125.0,6.2,17.4,23.6,628.0,57.6,27.5,49.0,15.0,30.0,10.0,616.0,ok
2024-03-22,Tomato,29,T1_N0P0K0,45.0,63.0,127.0,6.24,22.3,23.6,636.0,59.6,27.1,53.6,9.0,36.0,12.0,1010.0,ok
2024-03-22,Tomato,38,T7_N0P2K0,59.0,83.0,167.0,6.28,17.6,24.0,836.0,58.7,26.4,58.6,17.0,36.0,5.0,353.0,ok
2024-03-22,Tomato,43,T2_N0P0K1,57.0,80.0,160.0,6.31,19.2,23.6,805.0,8.6,27.8,50.8,13.0,54.0,8.0,607.0,ok
2024-03-22,Tomato,48,T18_N1P2K2,63.0,88.0,177.0,6.13,14.7,23.2,886.0,19.8,27.6,47.9,11.0,40.0,9.0,676.0,ok
2024-03-22,Tomato,53,T8_N0P2K1,43.0,60.0,120.0,6.38,21.5,23.2,604.0,58.0,27.6,51.3,17.0,40.0,11.0,638.0,ok
2024-03-22,Tomato,55,T4_N0P1K0,58.0,81.0,162.0,6.01,17.3,23.6,813.0,52.9,27.7,57.8,8.0,34.0,4.0,359.0,ok
2024-03-22,Tomato,63,T26_N2P2K1,77.0,110.0,220.0,6.51,19.2,25.4,1126.0,31.1,28.0,52.3,11.0,27.0,7.0,656.0,ok
2024-03-22,Tomato,65,T3_N0P0K2,58.0,81.0,163.0,6.25,23.6,23.6,817.0,61.8,28.5,52.3,17.0,32.0,2.0,200.0,ok
2024-03-22,Tomato,70,T22_N2P1K0,43.0,61.0,122.0,6.22,17.8,24.9,611.0,67.9,28.1,49.4,6.0,34.0,7.0,601.0,ok
2024-03-22,Tomato,91,T10_N1P0K0,45.0,63.0,126.0,6.31,18.6,24.0,634.0,36.4,28.6,43.7,12.0,38.0,5.0,227.0,ok
2024-03-22,Tomato,92,T5_N0P1K1,44.0,62.0,123.0,6.52,17.4,23.6,619.0,39.9,28.0,43.5,11.0,39.0,10.0,665.0,ok
2024-03-22,Tomato,93,T11_N1P0K1,45.0,64.0,184.0,6.74,19.8,23.2,643.0,20.2,27.1,44.6,10.0,43.0,6.0,280.0,ok
2024-03-22,Tomato,101,T24_N2P1K2,60.0,84.0,169.0,6.58,19.7,23.6,844.0,10.7,26.8,54.3,14.0,45.0,10.0,466.0,ok
2024-03-22,Tomato,103,T17_N1P2K1,44.0,61.0,123.0,6.55,17.1,24.0,617.0,22.9,26.8,50.5,10.0,34.0,3.0,204.0,ok
2024-03-22,Tomato,108,T9_N0P2K2,63.0,89.0,179.0,6.39,16.9,23.2,895.0,76.8,28.1,47.7,13.0,37.0,5.0,251.0,ok
2024-03-22,Tomato,110,T25_N2P2K0,45.0,63.0,126.0,6.52,17.4,23.2,632.0,62.1,27.7,49.4,21.0,42.0,15.0,787.0,ok
2024-03-22,Tomato,111,T15_N1P1K2,61.0,86.0,172.0,6.41,15.5,22.8,867.0,72.8,27.3,52.6,20.0,53.0,13.0,767.0,ok
2024-03-22,Tomato,114,T23_N2P1K1,62.0,88.0,176.0,6.36,16.6,23.2,881.0,37.3,27.0,46.6,21.0,47.0,12.0,674.0,ok
2024-03-22,Tomato,115,T19_N2P0K0,57.0,80.0,161.0,6.29,20.0,23.2,805.0,73.5,26.9,47.5,8.0,42.0,4.0,203.0,ok
2024-03-22,Tomato,118,T27_N2P2K2,45.0,63.0,127.0,6.53,19.8,23.2,639.0,61.5,26.8,46.3,18.0,38.0,12.0,606.0,ok
2024-03-22,Tomato,127,T20_N2P0K1,58.0,82.0,164.0,6.33,17.9,24.8,827.0,69.5,27.9,42.9,13.0,42.0,4.0,203.0,ok
2024-03-22,Tomato,132,T21_N2P0K2,55.0,78.0,156.0,6.42,18.3,26.0,781.0,69.4,27.1,43.5,32.0,45.0,9.0,352.0,ok
2024-04-01,Tomato,3,T21_N2P0K2,34.0,47.0,95.0,6.07,15.8,25.7,479.0,49.4,25.2,53.1,12.0,22.0,4.0,248.0,ok
2024-04-01,Tomato,4,T10_N1P0K0,44.0,62.0,125.0,6.38,13.3,23.7,626.0,48.7,25.6,55.5,10.0,20.0,10.0,305.0,ok
2024-04-01,Tomato,10,T19_N2P0K0,28.0,40.0,80.0,6.29,13.1,24.1,401.0,54.0,26.3,49.9,10.0,26.0,15.0,317.0,ok
2024-04-01,Tomato,11,T6_N0P1K2,33.0,47.0,94.0,6.76,9.1,24.1,472.0,52.9,26.8,60.0,9.0,20.0,9.0,620.0,ok
2024-04-01,Tomato,20,T5_N0P1K1,34.0,47.0,95.0,6.52,20.1,24.9,478.0,51.3,27.6,52.8,14.0,35.0,6.0,634.0,ok
2024-04-01,Tomato,33,T14_N1P1K1,39.0,54.0,109.0,6.32,16.5,24.5,500.0,42.3,29.1,48.8,12.0,22.0,9.0,471.0,ok
2024-04-01,Tomato,39,T25_N2P2K0,39.0,55.0,111.0,6.39,14.9,24.9,554.0,55.2,28.7,50.1,12.0,22.0,6.0,117.0,ok
2024-04-01,Tomato,42,T3_N0P0K2,42.0,58.0,118.0,6.46,14.9,25.7,588.0,40.0,28.2,47.5,5.0,18.0,3.0,304.0,ok
2024-04-01,Tomato,51,T4_N0P1K0,29.0,39.0,84.0,6.41,12.8,27.5,396.0,61.6,29.3,48.6,14.0,26.0,2.0,108.0,ok
2024-04-01,Tomato,59,T9_N0P2K2,45.0,60.0,122.0,6.44,15.5,27.1,617.0,21.8,29.4,46.6,13.0,16.0,0.0,0.0,ok
2024-04-01,Tomato,61,T2_N0P0K1,64.0,61.0,124.0,6.22,11.3,26.3,624.0,14.3,29.3,45.4,16.0,30.0,3.0,153.0,ok
2024-04-01,Tomato,64,T11_N1P0K1,61.0,86.0,172.0,6.35,16.5,24.7,861.0,23.1,28.5,47.6,10.0,25.0,8.0,919.0,ok
2024-04-01,Tomato,66,T8_N0P2K1,35.0,53.0,101.0,6.27,21.2,25.5,499.0,24.2,28.6,48.6,8.0,24.0,13.0,1001.0,ok
2024-04-01,Tomato,72,T17_N1P2K1,38.0,52.0,105.0,6.32,9.6,25.5,523.0,23.3,28.7,49.7,10.0,16.0,4.0,195.0,ok
2024-04-01,Tomato,73,T22_N2P1K0,40.0,60.0,119.0,6.36,18.0,25.1,565.0,23.5,28.8,53.3,10.0,22.0,9.0,313.0,ok
2024-04-01,Tomato,81,T12_N1P0K2,43.0,60.0,117.0,6.42,8.2,25.5,572.0,28.3,28.8,51.0,12.0,19.0,1.0,42.0,ok
2024-04-01,Tomato,82,T7_N0P2K0,21.0,29.0,67.0,6.55,16.9,25.5,303.0,21.3,28.8,47.1,10.0,11.0,2.0,210.0,ok
2024-04-01,Tomato,83,T13_N1P1K0,41.0,61.0,176.0,6.23,14.7,26.3,626.0,19.8,28.9,46.6,12.0,10.0,0.0,0.0,ok
2024-04-01,Tomato,89,T27_N2P2K2,45.0,85.0,181.0,6.44,17.6,24.7,916.0,24.2,28.1,45.4,11.0,28.0,6.0,158.0,ok
2024-04-01,Tomato,98,T23_N2P1K1,62.0,91.0,127.0,6.43,16.5,24.3,637.0,49.9,27.4,48.9,10.0,15.0,4.0,230.0,ok
2024-04-01,Tomato,100,T1_N0P0K0,41.0,49.0,105.0,6.44,16.0,24.3,547.0,23.5,27.1,53.2,12.0,19.0,0.0,0.0,ok
2024-04-01,Tomato,120,T18_N1P2K2,59.0,84.0,161.0,6.4,14.4,23.9,806.0,31.2,27.0,48.5,12.0,22.0,7.0,180.0,ok
2024-04-01,Tomato,125,T16_N1P2K0,42.0,60.0,118.0,6.41,17.2,24.3,577.0,57.6,27.1,49.1,14.0,35.0,8.0,495.0,ok
2024-04-01,Tomato,126,T24_N2P1K2,62.0,86.0,165.0,6.43,20.1,25.9,850.0,24.0,27.2,51.8,12.0,19.0,2.0,190.0,ok
2024-04-01,Tomato,128,T26_N2P2K1,41.0,60.0,118.0,6.41,15.1,25.1,606.0,24.9,26.0,50.7,12.0,20.0,19.0,433.0,ok
2024-04-01,Tomato,131,T15_N1P1K2,59.0,86.0,169.0,6.35,20.7,24.3,800.0,78.5,25.2,49.3,2.0,15.0,6.0,280.0,ok
